instant,dteday,casual,registered,cnt,season_desc,year,month,weekday_desc,weather_desc,temp_actual,atemp_actual,hum_actual,windspeed_actual,workingday_desc,holiday_desc
1,2011-01-01,331,654,985,Spring,2011,Jan,Sat,Mist/Cloudy,14.110847,18.18125,80.58330000000001,10.749882,Not Working Day,Not Holiday
2,2011-01-02,131,670,801,Spring,2011,Jan,Sun,Mist/Cloudy,14.902598000000001,17.686950000000003,69.6087,16.652113,Not Working Day,Not Holiday
3,2011-01-03,120,1229,1349,Spring,2011,Jan,Mon,Clear/Few clouds,8.050924,9.47025,43.7273,16.636703,Working Day,Not Holiday
4,2011-01-04,108,1454,1562,Spring,2011,Jan,Tue,Clear/Few clouds,8.200000000000001,10.6061,59.0435,10.739832,Working Day,Not Holiday
5,2011-01-05,82,1518,1600,Spring,2011,Jan,Wed,Clear/Few clouds,9.305237,11.4635,43.695699999999995,12.522300000000001,Working Day,Not Holiday
6,2011-01-06,88,1518,1606,Spring,2011,Jan,Thu,Clear/Few clouds,8.378268,11.66045,51.8261,6.0008684,Working Day,Not Holiday
7,2011-01-07,148,1362,1510,Spring,2011,Jan,Fri,Mist/Cloudy,8.057402,10.44195,49.8696,11.304642,Working Day,Not Holiday
8,2011-01-08,68,891,959,Spring,2011,Jan,Sat,Mist/Cloudy,6.765000000000001,8.1127,53.5833,17.875868,Not Working Day,Not Holiday
9,2011-01-09,54,768,822,Spring,2011,Jan,Sun,Clear/Few clouds,5.671653,5.80875,43.416700000000006,24.25065,Not Working Day,Not Holiday
10,2011-01-10,41,1280,1321,Spring,2011,Jan,Mon,Clear/Few clouds,6.184153,7.5443999999999996,48.2917,14.958889,Working Day,Not Holiday
11,2011-01-11,43,1220,1263,Spring,2011,Jan,Tue,Mist/Cloudy,6.9327309999999995,9.5732,68.6364,8.182844000000001,Working Day,Not Holiday
12,2011-01-12,25,1137,1162,Spring,2011,Jan,Wed,Clear/Few clouds,7.0818069999999995,8.02365,59.954499999999996,20.410009,Working Day,Not Holiday
13,2011-01-13,38,1368,1406,Spring,2011,Jan,Thu,Clear/Few clouds,6.765000000000001,7.544149999999999,47.0417,20.166999999999998,Working Day,Not Holiday
14,2011-01-14,54,1367,1421,Spring,2011,Jan,Fri,Clear/Few clouds,6.59567,9.42065,53.7826,8.478716,Working Day,Not Holiday
15,2011-01-15,222,1026,1248,Spring,2011,Jan,Sat,Mist/Cloudy,9.566653,12.4056,49.875,10.583521,Not Working Day,Not Holiday
16,2011-01-16,251,953,1204,Spring,2011,Jan,Sun,Clear/Few clouds,9.498347,11.71085,48.375,12.625010999999999,Not Working Day,Not Holiday
17,2011-01-17,117,883,1000,Spring,2011,Jan,Mon,Mist/Cloudy,7.209153,8.838550000000001,53.75,12.999139,Not Working Day,Holiday
18,2011-01-18,9,674,683,Spring,2011,Jan,Tue,Mist/Cloudy,8.883347,11.61665,86.16669999999999,9.833924999999999,Working Day,Not Holiday
19,2011-01-19,78,1572,1650,Spring,2011,Jan,Wed,Mist/Cloudy,11.979134,14.921100000000001,74.1739,13.957239,Working Day,Not Holiday
20,2011-01-20,83,1844,1927,Spring,2011,Jan,Thu,Mist/Cloudy,10.728347,12.7525,53.833299999999994,13.125568,Working Day,Not Holiday
21,2011-01-21,75,1468,1543,Spring,2011,Jan,Fri,Clear/Few clouds,7.2775,7.89165,45.7083,23.667214,Working Day,Not Holiday
22,2011-01-22,93,888,981,Spring,2011,Jan,Sat,Clear/Few clouds,2.4243464,3.9534800000000003,40.0,11.52199,Not Working Day,Not Holiday
23,2011-01-23,150,836,986,Spring,2011,Jan,Sun,Clear/Few clouds,3.9573897000000002,4.941955,43.6522,16.5222,Not Working Day,Not Holiday
24,2011-01-24,86,1330,1416,Spring,2011,Jan,Mon,Clear/Few clouds,3.9930433,5.8965,49.173899999999996,10.60811,Working Day,Not Holiday
25,2011-01-25,186,1799,1985,Spring,2011,Jan,Tue,Mist/Cloudy,9.162598000000001,11.7263,61.695699999999995,8.696332,Working Day,Not Holiday
26,2011-01-26,34,472,506,Spring,2011,Jan,Wed,Light Rain/Snow,8.9175,10.18,86.25,19.68795,Working Day,Not Holiday
27,2011-01-27,15,416,431,Spring,2011,Jan,Thu,Clear/Few clouds,7.995,10.985,68.75,7.627078999999999,Working Day,Not Holiday
28,2011-01-28,38,1129,1167,Spring,2011,Jan,Fri,Mist/Cloudy,8.342597999999999,11.165849999999999,79.30430000000001,8.2611,Working Day,Not Holiday
29,2011-01-29,123,975,1098,Spring,2011,Jan,Sat,Clear/Few clouds,8.057402,10.606300000000001,65.17389999999999,9.739455,Not Working Day,Not Holiday
30,2011-01-30,140,956,1096,Spring,2011,Jan,Sun,Clear/Few clouds,8.877402,12.5161,72.2174,4.956834199999999,Not Working Day,Not Holiday
31,2011-01-31,42,1459,1501,Spring,2011,Jan,Mon,Mist/Cloudy,7.414153,9.3125,60.375,12.541864,Working Day,Not Holiday
32,2011-02-01,47,1313,1360,Spring,2011,Feb,Tue,Mist/Cloudy,7.8791340000000005,11.7265,82.9565,3.565271,Working Day,Not Holiday
33,2011-02-02,72,1454,1526,Spring,2011,Feb,Wed,Mist/Cloudy,10.66,12.72085,77.5417,17.708636,Working Day,Not Holiday
34,2011-02-03,61,1489,1550,Spring,2011,Feb,Thu,Clear/Few clouds,7.665237,8.8939,43.7826,18.609384,Working Day,Not Holiday
35,2011-02-04,88,1620,1708,Spring,2011,Feb,Fri,Mist/Cloudy,8.663464,11.429350000000001,58.521699999999996,8.565213,Working Day,Not Holiday
36,2011-02-05,100,905,1005,Spring,2011,Feb,Sat,Mist/Cloudy,9.566653,12.152899999999999,92.91669999999999,10.792293,Not Working Day,Not Holiday
37,2011-02-06,354,1269,1623,Spring,2011,Feb,Sun,Clear/Few clouds,11.719153,14.58355,56.833299999999994,9.5006,Not Working Day,Not Holiday
38,2011-02-07,120,1592,1712,Spring,2011,Feb,Mon,Clear/Few clouds,11.138347,15.1829,73.83330000000001,3.0423561,Working Day,Not Holiday
39,2011-02-08,64,1466,1530,Spring,2011,Feb,Tue,Clear/Few clouds,9.054153,9.9123,53.7917,24.25065,Working Day,Not Holiday
40,2011-02-09,53,1552,1605,Spring,2011,Feb,Wed,Mist/Cloudy,5.526102999999999,7.21415,49.4783,12.652213,Working Day,Not Holiday
41,2011-02-10,47,1491,1538,Spring,2011,Feb,Thu,Clear/Few clouds,5.918268,7.477399999999999,43.7391,14.869645,Working Day,Not Holiday
42,2011-02-11,149,1597,1746,Spring,2011,Feb,Fri,Clear/Few clouds,7.752731000000001,10.67545,50.6364,7.272849999999999,Working Day,Not Holiday
43,2011-02-12,288,1184,1472,Spring,2011,Feb,Sat,Clear/Few clouds,9.1225,11.6477,54.4167,13.625589,Not Working Day,Not Holiday
44,2011-02-13,397,1192,1589,Spring,2011,Feb,Sun,Clear/Few clouds,12.977402000000001,16.20565,45.7391,17.479160999999998,Not Working Day,Not Holiday
45,2011-02-14,208,1705,1913,Spring,2011,Feb,Mon,Clear/Few clouds,17.015,19.9175,37.583299999999994,27.999836,Working Day,Not Holiday
46,2011-02-15,140,1675,1815,Spring,2011,Feb,Tue,Clear/Few clouds,10.909567000000001,12.7137,31.434800000000003,19.522058,Working Day,Not Holiday
47,2011-02-16,218,1897,2115,Spring,2011,Feb,Wed,Clear/Few clouds,13.048701000000001,15.809999999999999,42.3478,16.869996999999998,Working Day,Not Holiday
48,2011-02-17,259,2216,2475,Spring,2011,Feb,Thu,Clear/Few clouds,17.869153,21.4329,50.5,15.416968,Working Day,Not Holiday
49,2011-02-18,579,2348,2927,Spring,2011,Feb,Fri,Clear/Few clouds,21.388347,25.599149999999998,51.6667,17.749975000000003,Working Day,Not Holiday
50,2011-02-19,532,1103,1635,Spring,2011,Feb,Sat,Clear/Few clouds,16.365847,19.5702,18.7917,34.000021,Not Working Day,Not Holiday
51,2011-02-20,639,1173,1812,Spring,2011,Feb,Sun,Clear/Few clouds,11.693897,13.8665,40.7826,14.956745,Not Working Day,Not Holiday
52,2011-02-21,195,912,1107,Spring,2011,Feb,Mon,Mist/Cloudy,12.436653000000002,14.203750000000001,60.5,20.625682,Not Working Day,Holiday
53,2011-02-22,74,1376,1450,Spring,2011,Feb,Tue,Clear/Few clouds,7.471102,9.30165,57.7778,13.110761,Working Day,Not Holiday
54,2011-02-23,139,1778,1917,Spring,2011,Feb,Wed,Clear/Few clouds,9.091299,12.28585,42.3043,6.3055710000000005,Working Day,Not Holiday
55,2011-02-24,100,1707,1807,Spring,2011,Feb,Thu,Mist/Cloudy,12.121732000000002,14.459549999999998,69.7391,16.783231999999998,Working Day,Not Holiday
56,2011-02-25,120,1341,1461,Spring,2011,Feb,Fri,Mist/Cloudy,14.938268,17.52305,71.2174,23.218113,Working Day,Not Holiday
57,2011-02-26,424,1545,1969,Spring,2011,Feb,Sat,Clear/Few clouds,11.5825,14.1096,53.7917,12.500257,Not Working Day,Not Holiday
58,2011-02-27,694,1708,2402,Spring,2011,Feb,Sun,Clear/Few clouds,14.082598,17.55545,68.0,8.391615999999999,Not Working Day,Not Holiday
59,2011-02-28,81,1365,1446,Spring,2011,Feb,Mon,Mist/Cloudy,16.698193,20.005899999999997,87.63640000000001,19.408962,Working Day,Not Holiday
60,2011-03-01,137,1714,1851,Spring,2011,Mar,Tue,Clear/Few clouds,10.933347,13.19395,53.5,14.500475,Working Day,Not Holiday
61,2011-03-02,231,1903,2134,Spring,2011,Mar,Wed,Clear/Few clouds,13.735000000000001,16.00355,44.9583,20.624811,Working Day,Not Holiday
62,2011-03-03,123,1562,1685,Spring,2011,Mar,Thu,Clear/Few clouds,8.131653,10.00665,31.833299999999998,15.125518000000001,Working Day,Not Holiday
63,2011-03-04,214,1730,1944,Spring,2011,Mar,Fri,Mist/Cloudy,10.728347,12.783949999999999,61.0417,13.624182,Working Day,Not Holiday
64,2011-03-05,640,1437,2077,Spring,2011,Mar,Sat,Mist/Cloudy,15.750846999999998,18.93895,78.91669999999999,16.875357,Not Working Day,Not Holiday
65,2011-03-06,114,491,605,Spring,2011,Mar,Sun,Mist/Cloudy,15.437402,18.3126,94.8261,23.000229,Not Working Day,Not Holiday
66,2011-03-07,244,1628,1872,Spring,2011,Mar,Mon,Clear/Few clouds,10.731299,11.92305,55.1304,22.870584,Working Day,Not Holiday
67,2011-03-08,316,1817,2133,Spring,2011,Mar,Tue,Clear/Few clouds,11.9925,15.120000000000001,42.0833,8.083549999999999,Working Day,Not Holiday
68,2011-03-09,191,1700,1891,Spring,2011,Mar,Wed,Mist/Cloudy,12.129153,14.3304,77.5417,14.750050000000002,Working Day,Not Holiday
69,2011-03-10,46,577,623,Spring,2011,Mar,Thu,Light Rain/Snow,15.952731,19.2834,0.0,17.545759,Working Day,Not Holiday
70,2011-03-11,247,1730,1977,Spring,2011,Mar,Fri,Mist/Cloudy,12.977402000000001,15.25,64.95649999999999,15.60899,Working Day,Not Holiday
71,2011-03-12,724,1408,2132,Spring,2011,Mar,Sat,Clear/Few clouds,13.495847,16.287499999999998,59.458299999999994,14.791924999999999,Not Working Day,Not Holiday
72,2011-03-13,982,1435,2417,Spring,2011,Mar,Sun,Clear/Few clouds,15.758268000000001,19.004550000000002,52.73910000000001,18.130468,Not Working Day,Not Holiday
73,2011-03-14,359,1687,2046,Spring,2011,Mar,Mon,Clear/Few clouds,13.333896999999999,16.6,49.695699999999995,9.174042,Working Day,Not Holiday
74,2011-03-15,289,1767,2056,Spring,2011,Mar,Tue,Mist/Cloudy,13.013031,15.908900000000001,65.5652,12.348703,Working Day,Not Holiday
75,2011-03-16,321,1871,2192,Spring,2011,Mar,Wed,Mist/Cloudy,14.973897000000001,18.3465,77.65220000000001,13.608839,Working Day,Not Holiday
76,2011-03-17,424,2320,2744,Spring,2011,Mar,Thu,Clear/Few clouds,17.015,20.51665,60.291700000000006,14.041792999999998,Working Day,Not Holiday
77,2011-03-18,884,2355,3239,Spring,2011,Mar,Fri,Clear/Few clouds,22.14,26.35045,52.5217,15.478139,Working Day,Not Holiday
78,2011-03-19,1424,1693,3117,Spring,2011,Mar,Sat,Clear/Few clouds,19.3725,23.32625,37.9167,24.667189,Not Working Day,Not Holiday
79,2011-03-20,1047,1424,2471,Spring,2011,Mar,Sun,Clear/Few clouds,13.6325,16.287499999999998,47.375,13.917307,Not Working Day,Not Holiday
80,2011-03-21,401,1676,2077,Summer,2011,Mar,Mon,Mist/Cloudy,17.647835,20.48675,73.73910000000001,19.348461,Working Day,Not Holiday
81,2011-03-22,460,2243,2703,Summer,2011,Mar,Tue,Clear/Few clouds,18.108347,22.0321,62.4583,15.125250000000001,Working Day,Not Holiday
82,2011-03-23,203,1918,2121,Summer,2011,Mar,Wed,Mist/Cloudy,14.225237,16.89695,83.9565,15.695487,Working Day,Not Holiday
83,2011-03-24,166,1699,1865,Summer,2011,Mar,Thu,Mist/Cloudy,11.684999999999999,13.541649999999999,80.58330000000001,16.333729,Working Day,Not Holiday
84,2011-03-25,300,1910,2210,Summer,2011,Mar,Fri,Clear/Few clouds,10.830846999999999,12.8156,49.5,15.458575000000002,Working Day,Not Holiday
85,2011-03-26,981,1515,2496,Summer,2011,Mar,Sat,Clear/Few clouds,10.899153,12.87855,39.4167,14.041257,Not Working Day,Not Holiday
86,2011-03-27,472,1221,1693,Summer,2011,Mar,Sun,Mist/Cloudy,10.374763000000002,12.51695,49.3913,12.348099999999999,Not Working Day,Not Holiday
87,2011-03-28,222,1806,2028,Summer,2011,Mar,Mon,Clear/Few clouds,10.838268000000001,12.878700000000002,30.2174,14.217668,Working Day,Not Holiday
88,2011-03-29,317,2108,2425,Summer,2011,Mar,Tue,Clear/Few clouds,12.4025,14.6454,31.4167,15.208732,Working Day,Not Holiday
89,2011-03-30,168,1368,1536,Summer,2011,Mar,Wed,Mist/Cloudy,12.299999999999999,14.8675,64.6667,11.583495999999998,Working Day,Not Holiday
90,2011-03-31,179,1506,1685,Summer,2011,Mar,Thu,Light Rain/Snow,11.001653,12.87875,91.8333,14.582282000000001,Working Day,Not Holiday
91,2011-04-01,307,1920,2227,Summer,2011,Apr,Fri,Mist/Cloudy,12.299999999999999,14.172699999999999,68.625,17.333436,Working Day,Not Holiday
92,2011-04-02,898,1354,2252,Summer,2011,Apr,Sat,Mist/Cloudy,12.915000000000001,15.78185,65.375,13.208782,Not Working Day,Not Holiday
93,2011-04-03,1651,1598,3249,Summer,2011,Apr,Sun,Clear/Few clouds,15.511652999999999,18.93835,48.0,12.208271000000002,Not Working Day,Not Holiday
94,2011-04-04,734,2381,3115,Summer,2011,Apr,Mon,Clear/Few clouds,23.506653,27.14645,42.625,25.833257,Working Day,Not Holiday
95,2011-04-05,167,1628,1795,Summer,2011,Apr,Tue,Mist/Cloudy,16.980847,19.9175,64.2083,26.000488999999998,Working Day,Not Holiday
96,2011-04-06,413,2395,2808,Summer,2011,Apr,Wed,Clear/Few clouds,16.024153,19.3804,47.0833,17.625221,Working Day,Not Holiday
97,2011-04-07,571,2570,3141,Summer,2011,Apr,Thu,Clear/Few clouds,17.9375,21.684800000000003,60.291700000000006,10.874904,Working Day,Not Holiday
98,2011-04-08,172,1299,1471,Summer,2011,Apr,Fri,Mist/Cloudy,13.769153,16.223950000000002,83.625,15.208464,Working Day,Not Holiday
99,2011-04-09,879,1576,2455,Summer,2011,Apr,Sat,Mist/Cloudy,14.0425,17.07645,87.75,8.916561,Not Working Day,Not Holiday
100,2011-04-10,1188,1707,2895,Summer,2011,Apr,Sun,Mist/Cloudy,17.493347,21.33685,85.75,9.833389,Not Working Day,Not Holiday
101,2011-04-11,855,2493,3348,Summer,2011,Apr,Mon,Mist/Cloudy,24.421732,28.260849999999998,71.6956,21.739758,Working Day,Not Holiday
102,2011-04-12,257,1777,2034,Summer,2011,Apr,Tue,Mist/Cloudy,20.6025,24.6527,73.9167,18.416892999999998,Working Day,Not Holiday
103,2011-04-13,209,1953,2162,Summer,2011,Apr,Wed,Mist/Cloudy,16.912499999999998,20.864150000000002,81.91669999999999,16.791338999999997,Working Day,Not Holiday
104,2011-04-14,529,2738,3267,Summer,2011,Apr,Thu,Clear/Few clouds,19.1675,23.1371,54.041700000000006,7.4169,Working Day,Not Holiday
105,2011-04-15,642,2484,3126,Summer,2011,Apr,Fri,Clear/Few clouds,18.313347,22.09565,67.125,15.167124999999999,Not Working Day,Holiday
106,2011-04-16,121,674,795,Summer,2011,Apr,Sat,Light Rain/Snow,17.664153000000002,21.2746,88.83330000000001,22.834136,Not Working Day,Not Holiday
107,2011-04-17,1558,2186,3744,Summer,2011,Apr,Sun,Clear/Few clouds,18.723347,22.2848,47.9583,20.334232,Not Working Day,Not Holiday
108,2011-04-18,669,2760,3429,Summer,2011,Apr,Mon,Clear/Few clouds,21.0125,25.1573,54.25,10.958988999999999,Working Day,Not Holiday
109,2011-04-19,409,2795,3204,Summer,2011,Apr,Tue,Mist/Cloudy,20.739152999999998,24.4629,66.5833,10.584057,Working Day,Not Holiday
110,2011-04-20,613,3331,3944,Summer,2011,Apr,Wed,Clear/Few clouds,24.395,28.2196,61.4167,16.208975,Working Day,Not Holiday
111,2011-04-21,745,3444,4189,Summer,2011,Apr,Thu,Clear/Few clouds,18.825847,22.6946,40.708299999999994,21.792286,Working Day,Not Holiday
112,2011-04-22,177,1506,1683,Summer,2011,Apr,Fri,Mist/Cloudy,13.803347,16.0977,72.9583,14.707906999999999,Working Day,Not Holiday
113,2011-04-23,1462,2574,4036,Summer,2011,Apr,Sat,Mist/Cloudy,18.86,22.50605,88.79169999999999,15.458575000000002,Not Working Day,Not Holiday
114,2011-04-24,1710,2481,4191,Summer,2011,Apr,Sun,Mist/Cloudy,23.848347,27.58815,81.08330000000001,12.875725000000001,Not Working Day,Not Holiday
115,2011-04-25,773,3300,4073,Summer,2011,Apr,Mon,Clear/Few clouds,24.873347,28.725,77.6667,12.417311,Working Day,Not Holiday
116,2011-04-26,678,3722,4400,Summer,2011,Apr,Tue,Clear/Few clouds,25.898346999999998,29.704150000000002,72.9167,21.875500000000002,Working Day,Not Holiday
117,2011-04-27,547,3325,3872,Summer,2011,Apr,Wed,Mist/Cloudy,25.419999999999998,28.7571,83.54169999999999,20.917399999999997,Working Day,Not Holiday
118,2011-04-28,569,3489,4058,Summer,2011,Apr,Thu,Mist/Cloudy,25.317500000000003,28.946450000000002,70.08330000000001,21.500836000000003,Working Day,Not Holiday
119,2011-04-29,878,3717,4595,Summer,2011,Apr,Fri,Clear/Few clouds,20.91,24.87315,45.7083,16.084221,Working Day,Not Holiday
120,2011-04-30,1965,3347,5312,Summer,2011,Apr,Sat,Clear/Few clouds,19.3725,23.201050000000002,50.3333,15.750025,Not Working Day,Not Holiday
121,2011-05-01,1138,2213,3351,Summer,2011,May,Sun,Mist/Cloudy,18.518347,22.4102,76.2083,7.125718,Not Working Day,Not Holiday
122,2011-05-02,847,3554,4401,Summer,2011,May,Mon,Mist/Cloudy,22.515846999999997,26.64165,73.0,12.291418,Working Day,Not Holiday
123,2011-05-03,603,3848,4451,Summer,2011,May,Tue,Mist/Cloudy,25.283347,29.10395,69.7083,22.958689,Working Day,Not Holiday
124,2011-05-04,255,2378,2633,Summer,2011,May,Wed,Mist/Cloudy,16.980847,20.2325,73.70830000000001,22.042732,Working Day,Not Holiday
125,2011-05-05,614,3819,4433,Summer,2011,May,Thu,Clear/Few clouds,18.825847,22.09585,44.4167,19.791263999999998,Working Day,Not Holiday
126,2011-05-06,894,3714,4608,Summer,2011,May,Fri,Clear/Few clouds,19.645847,23.70585,59.0,15.292482,Working Day,Not Holiday
127,2011-05-07,1612,3102,4714,Summer,2011,May,Sat,Clear/Few clouds,21.32,25.63105,54.125,10.750150000000001,Not Working Day,Not Holiday
128,2011-05-08,1401,2932,4333,Summer,2011,May,Sun,Clear/Few clouds,21.661653,25.946649999999998,63.1667,5.0007125,Not Working Day,Not Holiday
129,2011-05-09,664,3698,4362,Summer,2011,May,Mon,Clear/Few clouds,21.8325,26.2623,58.875,11.792,Working Day,Not Holiday
130,2011-05-10,694,4109,4803,Summer,2011,May,Tue,Clear/Few clouds,21.8325,26.13605,48.9167,7.749956999999999,Working Day,Not Holiday
131,2011-05-11,550,3632,4182,Summer,2011,May,Wed,Clear/Few clouds,22.2425,26.419999999999998,63.29169999999999,8.083014,Working Day,Not Holiday
132,2011-05-12,695,4169,4864,Summer,2011,May,Thu,Clear/Few clouds,21.935000000000002,26.16815,74.75,12.707689,Working Day,Not Holiday
133,2011-05-13,692,3413,4105,Summer,2011,May,Fri,Mist/Cloudy,21.0125,24.715,86.33330000000001,12.041575,Working Day,Not Holiday
134,2011-05-14,902,2507,3409,Summer,2011,May,Sat,Mist/Cloudy,21.354153,25.03145,92.25,9.041649999999999,Not Working Day,Not Holiday
135,2011-05-15,1582,2971,4553,Summer,2011,May,Sun,Mist/Cloudy,23.0625,26.8,86.70830000000001,10.249593,Not Working Day,Not Holiday
136,2011-05-16,773,3185,3958,Summer,2011,May,Mon,Clear/Few clouds,23.677500000000002,27.5256,78.79169999999999,8.500357000000001,Working Day,Not Holiday
137,2011-05-17,678,3445,4123,Summer,2011,May,Tue,Mist/Cloudy,23.028347,26.926450000000003,83.7917,18.582718,Working Day,Not Holiday
138,2011-05-18,536,3319,3855,Summer,2011,May,Wed,Mist/Cloudy,22.55,26.3579,87.0,13.499964,Working Day,Not Holiday
139,2011-05-19,735,3840,4575,Summer,2011,May,Thu,Mist/Cloudy,21.764153,25.537100000000002,82.9583,7.250271000000001,Working Day,Not Holiday
140,2011-05-20,909,4008,4917,Summer,2011,May,Fri,Clear/Few clouds,22.003347,26.4521,71.9583,8.375871,Working Day,Not Holiday
141,2011-05-21,2258,3547,5805,Summer,2011,May,Sat,Clear/Few clouds,24.7025,28.59875,62.6667,8.083549999999999,Not Working Day,Not Holiday
142,2011-05-22,1576,3084,4660,Summer,2011,May,Sun,Clear/Few clouds,24.770847,28.725,74.9583,9.916536,Not Working Day,Not Holiday
143,2011-05-23,836,3438,4274,Summer,2011,May,Mon,Mist/Cloudy,25.898346999999998,29.5148,81.0,15.667413999999999,Working Day,Not Holiday
144,2011-05-24,659,3833,4492,Summer,2011,May,Tue,Mist/Cloudy,27.060000000000002,30.240650000000002,74.0833,13.875164,Working Day,Not Holiday
145,2011-05-25,740,4238,4978,Summer,2011,May,Wed,Clear/Few clouds,27.094153,30.7771,69.625,10.333611000000001,Working Day,Not Holiday
146,2011-05-26,758,3919,4677,Summer,2011,May,Thu,Clear/Few clouds,29.041653,32.7344,67.75,13.376014,Working Day,Not Holiday
147,2011-05-27,871,3808,4679,Summer,2011,May,Fri,Clear/Few clouds,27.948347000000002,31.8504,65.375,16.125493,Working Day,Not Holiday
148,2011-05-28,2001,2757,4758,Summer,2011,May,Sat,Clear/Few clouds,26.889153,30.61895,72.9583,15.416164,Not Working Day,Not Holiday
149,2011-05-29,2355,2433,4788,Summer,2011,May,Sun,Clear/Few clouds,27.3675,30.777500000000003,81.875,14.333846,Not Working Day,Not Holiday
150,2011-05-30,1549,2549,4098,Summer,2011,May,Mon,Clear/Few clouds,30.066653000000002,33.5546,68.5,8.792075,Not Working Day,Holiday
151,2011-05-31,673,3309,3982,Summer,2011,May,Tue,Clear/Few clouds,31.775000000000002,36.26915,63.6667,7.459042999999999,Working Day,Not Holiday
152,2011-06-01,513,3461,3974,Summer,2011,Jun,Wed,Mist/Cloudy,31.330847000000002,36.04835,67.7083,13.875164,Working Day,Not Holiday
153,2011-06-02,736,4232,4968,Summer,2011,Jun,Thu,Clear/Few clouds,29.314999999999998,32.1971,30.5,19.583229000000003,Working Day,Not Holiday
154,2011-06-03,898,4414,5312,Summer,2011,Jun,Fri,Clear/Few clouds,25.419999999999998,29.356650000000002,35.4167,16.959107,Working Day,Not Holiday
155,2011-06-04,1869,3473,5342,Summer,2011,Jun,Sat,Clear/Few clouds,26.035,29.7348,45.625,8.250514,Not Working Day,Not Holiday
156,2011-06-05,1685,3221,4906,Summer,2011,Jun,Sun,Mist/Cloudy,26.581653000000003,30.8402,65.25,9.292364000000001,Not Working Day,Not Holiday
157,2011-06-06,673,3875,4548,Summer,2011,Jun,Mon,Clear/Few clouds,27.811653,31.0929,60.0,8.167032,Working Day,Not Holiday
158,2011-06-07,763,4070,4833,Summer,2011,Jun,Tue,Clear/Few clouds,29.0075,32.7975,59.791700000000006,12.583136,Working Day,Not Holiday
159,2011-06-08,676,3725,4401,Summer,2011,Jun,Wed,Clear/Few clouds,31.809153,36.36395,62.20830000000001,9.166739,Working Day,Not Holiday
160,2011-06-09,563,3352,3915,Summer,2011,Jun,Thu,Mist/Cloudy,33.141653,37.87895,56.833299999999994,10.042161,Working Day,Not Holiday
161,2011-06-10,815,3771,4586,Summer,2011,Jun,Fri,Clear/Few clouds,30.955000000000002,35.1646,60.5,9.417118,Working Day,Not Holiday
162,2011-06-11,1729,3237,4966,Summer,2011,Jun,Sat,Clear/Few clouds,29.724999999999998,33.901900000000005,65.45830000000001,10.374949999999998,Not Working Day,Not Holiday
163,2011-06-12,1467,2993,4460,Summer,2011,Jun,Sun,Clear/Few clouds,28.392500000000002,32.166250000000005,74.7917,10.958988999999999,Not Working Day,Not Holiday
164,2011-06-13,863,4157,5020,Summer,2011,Jun,Mon,Clear/Few clouds,26.035,30.082700000000003,49.4583,20.45845,Working Day,Not Holiday
165,2011-06-14,727,4164,4891,Summer,2011,Jun,Tue,Clear/Few clouds,24.770847,29.5773,50.708299999999994,18.041961,Working Day,Not Holiday
166,2011-06-15,769,4411,5180,Summer,2011,Jun,Wed,Clear/Few clouds,25.693347,29.3877,47.1667,11.250104,Working Day,Not Holiday
167,2011-06-16,545,3222,3767,Summer,2011,Jun,Thu,Mist/Cloudy,25.761653000000003,29.767300000000002,68.8333,13.833556999999999,Working Day,Not Holiday
168,2011-06-17,863,3981,4844,Summer,2011,Jun,Fri,Clear/Few clouds,26.615847000000002,30.01915,73.5833,9.582942999999998,Working Day,Not Holiday
169,2011-06-18,1807,3312,5119,Summer,2011,Jun,Sat,Clear/Few clouds,28.563347,32.197700000000005,67.0417,8.000336,Not Working Day,Not Holiday
170,2011-06-19,1639,3105,4744,Summer,2011,Jun,Sun,Mist/Cloudy,28.665847,32.292300000000004,66.6667,6.834,Not Working Day,Not Holiday
171,2011-06-20,699,3311,4010,Summer,2011,Jun,Mon,Mist/Cloudy,26.035,29.767300000000002,74.625,10.416825,Working Day,Not Holiday
172,2011-06-21,774,4061,4835,Fall,2011,Jun,Tue,Mist/Cloudy,27.914153000000002,31.8823,77.0417,11.458675000000001,Working Day,Not Holiday
173,2011-06-22,661,3846,4507,Fall,2011,Jun,Wed,Clear/Few clouds,30.066653000000002,34.69145,70.75,11.541554,Working Day,Not Holiday
174,2011-06-23,746,4044,4790,Fall,2011,Jun,Thu,Mist/Cloudy,29.861653,34.69165,70.3333,15.999868,Working Day,Not Holiday
175,2011-06-24,969,4022,4991,Fall,2011,Jun,Fri,Clear/Few clouds,29.690847,32.82915,57.3333,14.875675,Working Day,Not Holiday
176,2011-06-25,1782,3420,5202,Fall,2011,Jun,Sat,Clear/Few clouds,28.494999999999997,32.16565,48.3333,14.041257,Not Working Day,Not Holiday
177,2011-06-26,1920,3385,5305,Fall,2011,Jun,Sun,Clear/Few clouds,27.880000000000003,31.88145,51.3333,6.3337311,Not Working Day,Not Holiday
178,2011-06-27,854,3854,4708,Fall,2011,Jun,Mon,Mist/Cloudy,27.982499999999998,31.8502,65.8333,7.2083960000000005,Working Day,Not Holiday
179,2011-06-28,732,3916,4648,Fall,2011,Jun,Tue,Clear/Few clouds,30.510847000000002,34.6279,63.416700000000006,9.666960999999999,Working Day,Not Holiday
180,2011-06-29,848,4377,5225,Fall,2011,Jun,Wed,Clear/Few clouds,29.861653,32.7344,49.7917,17.542007,Working Day,Not Holiday
181,2011-06-30,1027,4488,5515,Fall,2011,Jun,Thu,Clear/Few clouds,28.563347,31.8504,43.416700000000006,12.415904000000001,Working Day,Not Holiday
182,2011-07-01,1246,4116,5362,Fall,2011,Jul,Fri,Clear/Few clouds,29.622500000000002,32.6081,39.625,6.874736,Working Day,Not Holiday
183,2011-07-02,2204,2915,5119,Fall,2011,Jul,Sat,Clear/Few clouds,30.271653,33.3654,44.4583,7.709154,Not Working Day,Not Holiday
184,2011-07-03,2282,2367,4649,Fall,2011,Jul,Sun,Mist/Cloudy,29.383347,33.42875,68.25,15.333486,Not Working Day,Not Holiday
185,2011-07-04,3065,2978,6043,Fall,2011,Jul,Mon,Mist/Cloudy,29.793346999999997,33.27085,63.7917,5.4591064000000005,Not Working Day,Holiday
186,2011-07-05,1031,3634,4665,Fall,2011,Jul,Tue,Clear/Few clouds,30.613346999999997,34.816900000000004,59.0417,8.459286,Working Day,Not Holiday
187,2011-07-06,784,3845,4629,Fall,2011,Jul,Wed,Clear/Few clouds,29.52,34.28165,74.33330000000001,10.042161,Working Day,Not Holiday
188,2011-07-07,754,3838,4592,Fall,2011,Jul,Thu,Clear/Few clouds,30.75,34.34355,65.125,10.666400000000001,Working Day,Not Holiday
189,2011-07-08,692,3348,4040,Fall,2011,Jul,Fri,Mist/Cloudy,29.075847,33.524150000000006,75.79169999999999,15.083643,Working Day,Not Holiday
190,2011-07-09,1988,3348,5336,Fall,2011,Jul,Sat,Clear/Few clouds,30.066653000000002,33.2079,60.9167,11.250104,Not Working Day,Not Holiday
191,2011-07-10,1743,3138,4881,Fall,2011,Jul,Sun,Clear/Few clouds,30.6475,34.50125,57.8333,12.292557,Not Working Day,Not Holiday
192,2011-07-11,723,3363,4086,Fall,2011,Jul,Mon,Clear/Few clouds,31.2625,36.4902,63.5833,18.916579,Working Day,Not Holiday
193,2011-07-12,662,3596,4258,Fall,2011,Jul,Tue,Clear/Few clouds,32.560846999999995,36.96375,55.9167,13.417017999999999,Working Day,Not Holiday
194,2011-07-13,748,3594,4342,Fall,2011,Jul,Wed,Clear/Few clouds,30.613346999999997,34.4702,63.1667,9.790911000000001,Working Day,Not Holiday
195,2011-07-14,888,4196,5084,Fall,2011,Jul,Thu,Clear/Few clouds,27.914153000000002,31.7552,47.625,16.124689,Working Day,Not Holiday
196,2011-07-15,1318,4220,5538,Fall,2011,Jul,Fri,Clear/Few clouds,27.196652999999998,31.21855,59.12500000000001,12.249811,Working Day,Not Holiday
197,2011-07-16,2418,3505,5923,Fall,2011,Jul,Sat,Clear/Few clouds,28.153347,31.91315,58.5,13.958914,Not Working Day,Not Holiday
198,2011-07-17,2006,3296,5302,Fall,2011,Jul,Sun,Clear/Few clouds,29.485847,33.49165,60.4167,16.417211,Not Working Day,Not Holiday
199,2011-07-18,841,3617,4458,Fall,2011,Jul,Mon,Clear/Few clouds,30.613346999999997,35.19625,65.125,14.458867999999999,Working Day,Not Holiday
200,2011-07-19,752,3789,4541,Fall,2011,Jul,Tue,Clear/Few clouds,31.843347,37.37395,65.0417,8.7502,Working Day,Not Holiday
201,2011-07-20,644,3688,4332,Fall,2011,Jul,Wed,Clear/Few clouds,31.501653,37.3425,70.70830000000001,7.625739,Working Day,Not Holiday
202,2011-07-21,632,3152,3784,Fall,2011,Jul,Thu,Mist/Cloudy,33.415,41.31855,69.125,14.875407,Working Day,Not Holiday
203,2011-07-22,562,2825,3387,Fall,2011,Jul,Fri,Clear/Few clouds,34.781653,42.0448,58.0417,8.9177,Working Day,Not Holiday
204,2011-07-23,987,2298,3285,Fall,2011,Jul,Sat,Clear/Few clouds,34.815847,40.214349999999996,50.0,8.791807,Not Working Day,Not Holiday
205,2011-07-24,1050,2556,3606,Fall,2011,Jul,Sun,Clear/Few clouds,34.03,39.74145,55.0833,11.334456999999999,Not Working Day,Not Holiday
206,2011-07-25,568,3272,3840,Fall,2011,Jul,Mon,Clear/Few clouds,30.476653000000002,36.0479,75.7083,6.0841560999999995,Working Day,Not Holiday
207,2011-07-26,750,3840,4590,Fall,2011,Jul,Tue,Clear/Few clouds,31.638347,34.84895,54.0833,13.417285999999999,Working Day,Not Holiday
208,2011-07-27,755,3901,4656,Fall,2011,Jul,Wed,Clear/Few clouds,31.775000000000002,34.53335,40.291700000000006,12.292020999999998,Working Day,Not Holiday
209,2011-07-28,606,3784,4390,Fall,2011,Jul,Thu,Clear/Few clouds,31.945847,36.995,58.3333,11.958093,Working Day,Not Holiday
210,2011-07-29,670,3176,3846,Fall,2011,Jul,Fri,Clear/Few clouds,34.371653,39.29835,54.25,11.667245999999999,Working Day,Not Holiday
211,2011-07-30,1559,2916,4475,Fall,2011,Jul,Sat,Clear/Few clouds,32.970847,36.42685,46.5833,11.291979,Not Working Day,Not Holiday
212,2011-07-31,1524,2778,4302,Fall,2011,Jul,Sun,Clear/Few clouds,33.039153,36.4898,48.0833,11.042470999999999,Not Working Day,Not Holiday
213,2011-08-01,729,3537,4266,Fall,2011,Aug,Mon,Clear/Few clouds,31.638347,35.1646,55.0833,10.500039,Working Day,Not Holiday
214,2011-08-02,801,4044,4845,Fall,2011,Aug,Tue,Clear/Few clouds,32.116653,35.35355,49.125,13.79195,Working Day,Not Holiday
215,2011-08-03,467,3107,3574,Fall,2011,Aug,Wed,Mist/Cloudy,29.998347,33.99685,65.75,9.084061,Working Day,Not Holiday
216,2011-08-04,799,3777,4576,Fall,2011,Aug,Thu,Mist/Cloudy,29.11,33.2394,75.75,13.20905,Working Day,Not Holiday
217,2011-08-05,1023,3843,4866,Fall,2011,Aug,Fri,Clear/Few clouds,29.144153000000003,32.82835,63.083299999999994,12.374632,Working Day,Not Holiday
218,2011-08-06,1521,2773,4294,Fall,2011,Aug,Sat,Mist/Cloudy,29.383347,33.807700000000004,75.5,15.29275,Not Working Day,Not Holiday
219,2011-08-07,1298,2487,3785,Fall,2011,Aug,Sun,Clear/Few clouds,30.442500000000003,35.7646,75.29169999999999,13.499629,Not Working Day,Not Holiday
220,2011-08-08,846,3480,4326,Fall,2011,Aug,Mon,Clear/Few clouds,31.365000000000002,35.16415,59.2083,12.875725000000001,Working Day,Not Holiday
221,2011-08-09,907,3695,4602,Fall,2011,Aug,Tue,Clear/Few clouds,31.775000000000002,36.20605,57.04169999999999,10.125107,Working Day,Not Holiday
222,2011-08-10,884,3896,4780,Fall,2011,Aug,Wed,Clear/Few clouds,31.433346999999998,34.24915,42.4167,13.417285999999999,Working Day,Not Holiday
223,2011-08-11,812,3980,4792,Fall,2011,Aug,Thu,Clear/Few clouds,29.4175,32.57605,42.375,11.041332,Working Day,Not Holiday
224,2011-08-12,1051,3854,4905,Fall,2011,Aug,Fri,Clear/Few clouds,29.041653,32.7021,41.5,8.416607,Working Day,Not Holiday
225,2011-08-13,1504,2646,4150,Fall,2011,Aug,Sat,Mist/Cloudy,28.119153,32.2929,72.9583,14.167418,Not Working Day,Not Holiday
226,2011-08-14,1338,2482,3820,Fall,2011,Aug,Sun,Mist/Cloudy,27.743347,31.219400000000004,81.75,14.916411,Not Working Day,Not Holiday
227,2011-08-15,775,3563,4338,Fall,2011,Aug,Mon,Clear/Few clouds,27.299153,30.80835,71.20830000000001,13.999918,Working Day,Not Holiday
228,2011-08-16,721,4004,4725,Fall,2011,Aug,Tue,Clear/Few clouds,28.734153000000003,32.29185,57.8333,15.834043000000001,Working Day,Not Holiday
229,2011-08-17,668,4026,4694,Fall,2011,Aug,Wed,Clear/Few clouds,29.656653,33.33355,57.5417,9.625689,Working Day,Not Holiday
230,2011-08-18,639,3166,3805,Fall,2011,Aug,Thu,Clear/Few clouds,29.178347000000002,33.1129,65.45830000000001,15.624936,Working Day,Not Holiday
231,2011-08-19,797,3356,4153,Fall,2011,Aug,Fri,Mist/Cloudy,28.085,31.661050000000003,72.2917,9.333635999999998,Working Day,Not Holiday
232,2011-08-20,1914,3277,5191,Fall,2011,Aug,Sat,Clear/Few clouds,28.5975,32.4498,67.41669999999999,6.999289,Not Working Day,Not Holiday
233,2011-08-21,1249,2624,3873,Fall,2011,Aug,Sun,Clear/Few clouds,29.144153000000003,33.776250000000005,77.0,16.666518,Not Working Day,Not Holiday
234,2011-08-22,833,3925,4758,Fall,2011,Aug,Mon,Clear/Few clouds,28.358347000000002,31.9127,47.0,18.54225,Working Day,Not Holiday
235,2011-08-23,1281,4614,5895,Fall,2011,Aug,Tue,Clear/Few clouds,26.274153,30.303350000000002,45.5417,9.833121,Working Day,Not Holiday
236,2011-08-24,949,4181,5130,Fall,2011,Aug,Wed,Clear/Few clouds,27.606652999999998,31.5346,60.5,16.958236,Working Day,Not Holiday
237,2011-08-25,435,3107,3542,Fall,2011,Aug,Thu,Mist/Cloudy,28.050846999999997,32.2927,77.1667,14.125810999999999,Working Day,Not Holiday
238,2011-08-26,768,3893,4661,Fall,2011,Aug,Fri,Clear/Few clouds,28.7,32.98665,76.125,5.625487499999999,Working Day,Not Holiday
239,2011-08-27,226,889,1115,Fall,2011,Aug,Sat,Mist/Cloudy,27.880000000000003,31.7778,85.0,25.166338999999997,Not Working Day,Not Holiday
240,2011-08-28,1415,2919,4334,Fall,2011,Aug,Sun,Clear/Few clouds,28.989418999999998,32.397949999999994,56.1765,20.412153,Not Working Day,Not Holiday
241,2011-08-29,729,3905,4634,Fall,2011,Aug,Mon,Clear/Few clouds,26.103347,30.3979,55.45830000000001,10.708275,Working Day,Not Holiday
242,2011-08-30,775,4429,5204,Fall,2011,Aug,Tue,Clear/Few clouds,26.205847000000002,29.7352,54.833299999999994,8.375536,Working Day,Not Holiday
243,2011-08-31,688,4370,5058,Fall,2011,Aug,Wed,Clear/Few clouds,26.923347,30.556050000000003,59.791700000000006,5.5833311,Working Day,Not Holiday
244,2011-09-01,783,4332,5115,Fall,2011,Sep,Thu,Clear/Few clouds,26.855,30.746050000000004,63.916700000000006,9.500332,Working Day,Not Holiday
245,2011-09-02,875,3852,4727,Fall,2011,Sep,Fri,Mist/Cloudy,26.376653,30.2404,72.70830000000001,9.375243,Working Day,Not Holiday
246,2011-09-03,1935,2549,4484,Fall,2011,Sep,Sat,Clear/Few clouds,27.435847,31.66065,71.6667,12.416775,Not Working Day,Not Holiday
247,2011-09-04,2521,2419,4940,Fall,2011,Sep,Sun,Clear/Few clouds,29.075847,33.27145,74.20830000000001,13.833289,Not Working Day,Not Holiday
248,2011-09-05,1236,2115,3351,Fall,2011,Sep,Mon,Mist/Cloudy,27.606652999999998,31.282300000000003,79.0417,14.250632,Not Working Day,Holiday
249,2011-09-06,204,2506,2710,Fall,2011,Sep,Tue,Light Rain/Snow,22.14,25.759999999999998,88.6957,23.044181,Working Day,Not Holiday
250,2011-09-07,118,1878,1996,Fall,2011,Sep,Wed,Light Rain/Snow,24.565847,27.21145,91.7083,6.500393600000001,Working Day,Not Holiday
251,2011-09-08,153,1689,1842,Fall,2011,Sep,Thu,Light Rain/Snow,25.990433,27.76805,93.9565,12.914116,Working Day,Not Holiday
252,2011-09-09,417,3127,3544,Fall,2011,Sep,Fri,Mist/Cloudy,26.650000000000002,28.9473,89.79169999999999,8.333393000000001,Working Day,Not Holiday
253,2011-09-10,1750,3595,5345,Fall,2011,Sep,Sat,Clear/Few clouds,27.060000000000002,30.3981,75.375,10.291736,Not Working Day,Not Holiday
254,2011-09-11,1633,3413,5046,Fall,2011,Sep,Sun,Clear/Few clouds,26.786653,30.46145,71.375,7.708618,Not Working Day,Not Holiday
255,2011-09-12,690,4023,4713,Fall,2011,Sep,Mon,Clear/Few clouds,26.418268,30.106500000000004,69.2174,5.957171000000001,Working Day,Not Holiday
256,2011-09-13,701,4062,4763,Fall,2011,Sep,Tue,Clear/Few clouds,26.684153,30.1777,71.25,9.500868,Working Day,Not Holiday
257,2011-09-14,647,4138,4785,Fall,2011,Sep,Wed,Clear/Few clouds,27.606652999999998,31.345,69.7083,11.2091,Working Day,Not Holiday
258,2011-09-15,428,3231,3659,Fall,2011,Sep,Thu,Mist/Cloudy,23.677500000000002,27.68355,70.9167,18.166782,Working Day,Not Holiday
259,2011-09-16,742,4018,4760,Fall,2011,Sep,Fri,Mist/Cloudy,19.235847,23.07375,59.0417,11.000261,Working Day,Not Holiday
260,2011-09-17,1434,3077,4511,Fall,2011,Sep,Sat,Mist/Cloudy,20.158347,23.9256,71.8333,12.708225,Not Working Day,Not Holiday
261,2011-09-18,1353,2921,4274,Fall,2011,Sep,Sun,Clear/Few clouds,20.807499999999997,24.52685,69.5,11.958361,Not Working Day,Not Holiday
262,2011-09-19,691,3848,4539,Fall,2011,Sep,Mon,Mist/Cloudy,22.515846999999997,26.48375,69.0,10.166713999999999,Working Day,Not Holiday
263,2011-09-20,438,3203,3641,Fall,2011,Sep,Tue,Mist/Cloudy,23.028347,26.610850000000003,88.125,9.041917999999999,Working Day,Not Holiday
264,2011-09-21,539,3813,4352,Fall,2011,Sep,Wed,Mist/Cloudy,24.395,27.526650000000004,90.0,6.4590814,Working Day,Not Holiday
265,2011-09-22,555,4240,4795,Fall,2011,Sep,Thu,Mist/Cloudy,25.761653000000003,27.74815,90.2083,8.584375,Working Day,Not Holiday
266,2011-09-23,258,2137,2395,Winter,2011,Sep,Fri,Mist/Cloudy,24.975847,26.106249999999996,97.25,5.2505689,Working Day,Not Holiday
267,2011-09-24,1776,3647,5423,Winter,2011,Sep,Sat,Mist/Cloudy,24.873347,28.2206,86.25,5.2516811,Not Working Day,Not Holiday
268,2011-09-25,1544,3466,5010,Winter,2011,Sep,Sun,Mist/Cloudy,26.000847,28.631849999999996,84.5,3.3754064,Not Working Day,Not Holiday
269,2011-09-26,684,3946,4630,Winter,2011,Sep,Mon,Mist/Cloudy,26.615847000000002,29.452099999999998,84.8333,7.4169,Working Day,Not Holiday
270,2011-09-27,477,3643,4120,Winter,2011,Sep,Tue,Mist/Cloudy,26.103347,28.726249999999997,88.5417,7.917457,Working Day,Not Holiday
271,2011-09-28,480,3427,3907,Winter,2011,Sep,Wed,Mist/Cloudy,26.035,28.757899999999996,84.875,9.958143000000002,Working Day,Not Holiday
272,2011-09-29,653,4186,4839,Winter,2011,Sep,Thu,Clear/Few clouds,25.283347,28.7256,69.91669999999999,11.583161,Working Day,Not Holiday
273,2011-09-30,830,4372,5202,Winter,2011,Sep,Fri,Clear/Few clouds,23.130847,27.24145,64.75,13.833825,Working Day,Not Holiday
274,2011-10-01,480,1949,2429,Winter,2011,Oct,Sat,Mist/Cloudy,16.81,20.64315,75.375,19.583832,Not Working Day,Not Holiday
275,2011-10-02,616,2302,2918,Winter,2011,Oct,Sun,Mist/Cloudy,14.623347,17.26585,79.1667,14.874870999999999,Not Working Day,Not Holiday
276,2011-10-03,330,3240,3570,Winter,2011,Oct,Mon,Mist/Cloudy,15.750846999999998,19.6023,76.0833,5.5841686,Working Day,Not Holiday
277,2011-10-04,486,3970,4456,Winter,2011,Oct,Tue,Clear/Few clouds,19.850847,23.6429,71.0,13.792218,Working Day,Not Holiday
278,2011-10-05,559,4267,4826,Winter,2011,Oct,Wed,Clear/Few clouds,22.071652999999998,26.3569,64.79169999999999,11.87575,Working Day,Not Holiday
279,2011-10-06,639,4126,4765,Winter,2011,Oct,Thu,Clear/Few clouds,20.260847000000002,24.02125,62.083299999999994,9.041917999999999,Working Day,Not Holiday
280,2011-10-07,949,4036,4985,Winter,2011,Oct,Fri,Clear/Few clouds,20.944153,25.2202,68.41669999999999,1.5002439,Working Day,Not Holiday
281,2011-10-08,2235,3174,5409,Winter,2011,Oct,Sat,Clear/Few clouds,21.388347,25.6621,70.125,3.0420814,Not Working Day,Not Holiday
282,2011-10-09,2397,3114,5511,Winter,2011,Oct,Sun,Clear/Few clouds,22.174153,26.19915,72.75,4.251150000000001,Not Working Day,Not Holiday
283,2011-10-10,1514,3603,5117,Winter,2011,Oct,Mon,Clear/Few clouds,23.404153,27.14625,73.375,2.8343814,Not Working Day,Holiday
284,2011-10-11,667,3896,4563,Winter,2011,Oct,Tue,Mist/Cloudy,23.233347000000002,27.3048,80.875,9.583814,Working Day,Not Holiday
285,2011-10-12,217,2199,2416,Winter,2011,Oct,Wed,Light Rain/Snow,22.276653,25.885849999999998,90.625,16.62605,Working Day,Not Holiday
286,2011-10-13,290,2623,2913,Winter,2011,Oct,Thu,Mist/Cloudy,24.155847,27.5902,89.6667,9.499729,Working Day,Not Holiday
287,2011-10-14,529,3115,3644,Winter,2011,Oct,Fri,Mist/Cloudy,22.584153,26.48375,71.625,15.000161,Working Day,Not Holiday
288,2011-10-15,1899,3318,5217,Winter,2011,Oct,Sat,Clear/Few clouds,20.773346999999998,24.936249999999998,48.3333,17.291561,Not Working Day,Not Holiday
289,2011-10-16,1748,3293,5041,Winter,2011,Oct,Sun,Clear/Few clouds,20.978347,25.1577,48.6667,18.875039,Not Working Day,Not Holiday
290,2011-10-17,713,3857,4570,Winter,2011,Oct,Mon,Clear/Few clouds,21.900847,25.53625,57.958299999999994,11.750393,Working Day,Not Holiday
291,2011-10-18,637,4111,4748,Winter,2011,Oct,Tue,Mist/Cloudy,21.8325,26.13605,70.1667,7.375829,Working Day,Not Holiday
292,2011-10-19,254,2170,2424,Winter,2011,Oct,Wed,Light Rain/Snow,22.211299,25.6924,89.52170000000001,16.303713,Working Day,Not Holiday
293,2011-10-20,471,3724,4195,Winter,2011,Oct,Thu,Clear/Few clouds,19.509153,23.32625,63.625,28.292425,Working Day,Not Holiday
294,2011-10-21,676,3628,4304,Winter,2011,Oct,Fri,Clear/Few clouds,17.5275,21.1798,57.4167,14.833532,Working Day,Not Holiday
295,2011-10-22,1499,2809,4308,Winter,2011,Oct,Sat,Clear/Few clouds,17.322499999999998,21.2746,62.916700000000006,6.2086689,Not Working Day,Not Holiday
296,2011-10-23,1619,2762,4381,Winter,2011,Oct,Sun,Clear/Few clouds,17.288347,21.11665,74.125,6.6673375,Not Working Day,Not Holiday
297,2011-10-24,699,3488,4187,Winter,2011,Oct,Mon,Clear/Few clouds,18.996653,22.85335,77.2083,7.959064,Working Day,Not Holiday
298,2011-10-25,695,3992,4687,Winter,2011,Oct,Tue,Clear/Few clouds,19.338347,23.16875,62.291700000000006,11.166086,Working Day,Not Holiday
299,2011-10-26,404,3490,3894,Winter,2011,Oct,Wed,Mist/Cloudy,19.850847,23.6423,72.04169999999999,9.959014,Working Day,Not Holiday
300,2011-10-27,240,2419,2659,Winter,2011,Oct,Thu,Mist/Cloudy,19.27,22.8523,81.2917,13.250121,Working Day,Not Holiday
301,2011-10-28,456,3291,3747,Winter,2011,Oct,Fri,Mist/Cloudy,13.564153,15.9406,58.58330000000001,15.375093,Working Day,Not Holiday
302,2011-10-29,57,570,627,Winter,2011,Oct,Sat,Light Rain/Snow,10.420846999999998,11.39565,88.25,23.541857,Not Working Day,Not Holiday
303,2011-10-30,885,2446,3331,Winter,2011,Oct,Sun,Clear/Few clouds,13.085847,16.06645,62.375,11.833339,Not Working Day,Not Holiday
304,2011-10-31,362,3307,3669,Winter,2011,Oct,Mon,Clear/Few clouds,13.940000000000001,17.803150000000002,70.3333,7.12545,Working Day,Not Holiday
305,2011-11-01,410,3658,4068,Winter,2011,Nov,Tue,Clear/Few clouds,16.434153,19.8544,68.375,9.083257,Working Day,Not Holiday
306,2011-11-02,370,3816,4186,Winter,2011,Nov,Wed,Clear/Few clouds,15.477500000000001,19.50665,71.875,5.5001439,Working Day,Not Holiday
307,2011-11-03,318,3656,3974,Winter,2011,Nov,Thu,Clear/Few clouds,16.741653,20.296049999999997,70.20830000000001,9.166739,Working Day,Not Holiday
308,2011-11-04,470,3576,4046,Winter,2011,Nov,Fri,Mist/Cloudy,16.536653,20.1696,62.25000000000001,18.209193,Working Day,Not Holiday
309,2011-11-05,1156,2770,3926,Winter,2011,Nov,Sat,Clear/Few clouds,13.393346999999999,16.1927,51.916700000000006,12.667154,Not Working Day,Not Holiday
310,2011-11-06,952,2697,3649,Winter,2011,Nov,Sun,Clear/Few clouds,14.281653,18.117900000000002,73.4583,6.1676314,Not Working Day,Not Holiday
311,2011-11-07,373,3662,4035,Winter,2011,Nov,Mon,Clear/Few clouds,16.195,20.04355,75.875,3.834075,Working Day,Not Holiday
312,2011-11-08,376,3829,4205,Winter,2011,Nov,Tue,Clear/Few clouds,16.741653,20.6123,72.16669999999999,4.6255125,Working Day,Not Holiday
313,2011-11-09,305,3804,4109,Winter,2011,Nov,Wed,Clear/Few clouds,16.400000000000002,20.453950000000003,75.83330000000001,4.1671186,Working Day,Not Holiday
314,2011-11-10,190,2743,2933,Winter,2011,Nov,Thu,Mist/Cloudy,15.58,18.68605,81.3333,12.667489000000002,Working Day,Not Holiday
315,2011-11-11,440,2928,3368,Winter,2011,Nov,Fri,Clear/Few clouds,13.290847,15.34085,44.625,21.083225,Not Working Day,Holiday
316,2011-11-12,1275,2792,4067,Winter,2011,Nov,Sat,Clear/Few clouds,14.623347,17.8971,55.2917,14.208154,Not Working Day,Not Holiday
317,2011-11-13,1004,2713,3717,Winter,2011,Nov,Sun,Clear/Few clouds,18.074153,21.5275,45.8333,18.875307,Not Working Day,Not Holiday
318,2011-11-14,595,3891,4486,Winter,2011,Nov,Mon,Clear/Few clouds,21.73,26.2306,58.7083,20.541932,Working Day,Not Holiday
319,2011-11-15,449,3746,4195,Winter,2011,Nov,Tue,Mist/Cloudy,21.73,25.37895,68.875,13.375411,Working Day,Not Holiday
320,2011-11-16,145,1672,1817,Winter,2011,Nov,Wed,Light Rain/Snow,18.723347,22.5994,93.0,9.167543,Working Day,Not Holiday
321,2011-11-17,139,2914,3053,Winter,2011,Nov,Thu,Mist/Cloudy,14.008347,16.16105,57.5833,20.459254,Working Day,Not Holiday
322,2011-11-18,245,3147,3392,Winter,2011,Nov,Fri,Clear/Few clouds,11.240847,13.63605,41.0,11.291711,Working Day,Not Holiday
323,2011-11-19,943,2720,3663,Winter,2011,Nov,Sat,Clear/Few clouds,13.495847,16.22415,50.208299999999994,15.041232,Not Working Day,Not Holiday
324,2011-11-20,787,2733,3520,Winter,2011,Nov,Sun,Mist/Cloudy,18.996653,22.8529,68.45830000000001,12.45865,Not Working Day,Not Holiday
325,2011-11-21,220,2545,2765,Winter,2011,Nov,Mon,Light Rain/Snow,18.3475,22.2531,91.0,9.249618,Working Day,Not Holiday
326,2011-11-22,69,1538,1607,Winter,2011,Nov,Tue,Light Rain/Snow,17.083347,21.0848,96.25,7.959064,Working Day,Not Holiday
327,2011-11-23,112,2454,2566,Winter,2011,Nov,Wed,Mist/Cloudy,18.074153,21.52685,75.79169999999999,22.500275,Working Day,Not Holiday
328,2011-11-24,560,935,1495,Winter,2011,Nov,Thu,Clear/Few clouds,15.306653,18.62355,54.9167,11.209368000000001,Not Working Day,Holiday
329,2011-11-25,1095,1697,2792,Winter,2011,Nov,Fri,Clear/Few clouds,15.375,19.033549999999998,64.375,6.6260186,Working Day,Not Holiday
330,2011-11-26,1249,1819,3068,Winter,2011,Nov,Sat,Clear/Few clouds,15.409152999999998,19.254350000000002,68.1667,4.5841936,Not Working Day,Not Holiday
331,2011-11-27,810,2261,3071,Winter,2011,Nov,Sun,Clear/Few clouds,18.825847,22.79,69.8333,13.999918,Not Working Day,Not Holiday
332,2011-11-28,253,3614,3867,Winter,2011,Nov,Mon,Clear/Few clouds,20.642598,24.5061,74.3043,9.522174,Working Day,Not Holiday
333,2011-11-29,96,2818,2914,Winter,2011,Nov,Tue,Mist/Cloudy,18.791653,22.56875,83.08330000000001,17.292164,Working Day,Not Holiday
334,2011-11-30,188,3425,3613,Winter,2011,Nov,Wed,Clear/Few clouds,13.325000000000001,15.561050000000002,61.3333,18.167586,Working Day,Not Holiday
335,2011-12-01,182,3545,3727,Winter,2011,Dec,Thu,Clear/Few clouds,12.8125,15.2777,52.4583,14.750586,Working Day,Not Holiday
336,2011-12-02,268,3672,3940,Winter,2011,Dec,Fri,Clear/Few clouds,12.880847,16.571649999999998,62.583299999999994,6.750518,Working Day,Not Holiday
337,2011-12-03,706,2908,3614,Winter,2011,Dec,Sat,Clear/Few clouds,12.265847,15.530199999999999,61.291700000000006,6.4174811,Not Working Day,Not Holiday
338,2011-12-04,634,2851,3485,Winter,2011,Dec,Sun,Clear/Few clouds,13.564153,17.455000000000002,77.5833,5.6252061,Not Working Day,Not Holiday
339,2011-12-05,233,3578,3811,Winter,2011,Dec,Mon,Mist/Cloudy,15.819153,19.696250000000003,82.70830000000001,4.1679561000000005,Working Day,Not Holiday
340,2011-12-06,126,2468,2594,Winter,2011,Dec,Tue,Light Rain/Snow,18.962500000000002,22.82,94.9583,15.583061,Working Day,Not Holiday
341,2011-12-07,50,655,705,Winter,2011,Dec,Wed,Light Rain/Snow,16.81,20.0123,97.04169999999999,17.833725,Working Day,Not Holiday
342,2011-12-08,150,3172,3322,Winter,2011,Dec,Thu,Clear/Few clouds,10.899153,12.8469,57.99999999999999,16.083886,Working Day,Not Holiday
343,2011-12-09,261,3359,3620,Winter,2011,Dec,Fri,Clear/Few clouds,11.924153,15.877099999999999,69.58330000000001,5.5420189,Working Day,Not Holiday
344,2011-12-10,502,2688,3190,Winter,2011,Dec,Sat,Clear/Few clouds,11.275,13.320599999999999,50.74999999999999,15.625807,Not Working Day,Not Holiday
345,2011-12-11,377,2366,2743,Winter,2011,Dec,Sun,Clear/Few clouds,9.054153,12.6577,49.0,4.458293899999999,Not Working Day,Not Holiday
346,2011-12-12,143,3167,3310,Winter,2011,Dec,Mon,Clear/Few clouds,9.771652999999999,13.5098,67.08330000000001,4.251150000000001,Working Day,Not Holiday
347,2011-12-13,155,3368,3523,Winter,2011,Dec,Tue,Clear/Few clouds,11.5825,15.0569,59.0,9.41685,Working Day,Not Holiday
348,2011-12-14,178,3562,3740,Winter,2011,Dec,Wed,Mist/Cloudy,13.0175,16.9181,66.375,4.0842061,Working Day,Not Holiday
349,2011-12-15,181,3528,3709,Winter,2011,Dec,Thu,Mist/Cloudy,17.322499999999998,20.61185,63.416700000000006,17.958814,Working Day,Not Holiday
350,2011-12-16,178,3399,3577,Winter,2011,Dec,Fri,Mist/Cloudy,15.375,17.99125,50.0417,17.458525,Working Day,Not Holiday
351,2011-12-17,275,2464,2739,Winter,2011,Dec,Sat,Mist/Cloudy,10.591652999999999,12.46855,56.0833,16.292189,Not Working Day,Not Holiday
352,2011-12-18,220,2211,2431,Winter,2011,Dec,Sun,Clear/Few clouds,9.771652999999999,12.27895,58.62500000000001,11.375193000000001,Not Working Day,Not Holiday
353,2011-12-19,260,3143,3403,Winter,2011,Dec,Mon,Clear/Few clouds,11.343347,14.04665,63.74999999999999,11.584031999999999,Working Day,Not Holiday
354,2011-12-20,216,3534,3750,Winter,2011,Dec,Tue,Mist/Cloudy,15.819153,19.822699999999998,59.5417,4.1252436,Working Day,Not Holiday
355,2011-12-21,107,2553,2660,Spring,2011,Dec,Wed,Mist/Cloudy,17.561653,21.40085,85.83330000000001,14.8338,Working Day,Not Holiday
356,2011-12-22,227,2841,3068,Spring,2011,Dec,Thu,Mist/Cloudy,17.356653,21.306050000000003,75.75,3.1674249999999997,Working Day,Not Holiday
357,2011-12-23,163,2046,2209,Spring,2011,Dec,Fri,Clear/Few clouds,15.306653,18.87565,68.625,18.374482,Working Day,Not Holiday
358,2011-12-24,155,856,1011,Spring,2011,Dec,Sat,Clear/Few clouds,12.4025,14.9621,54.25,12.750368,Not Working Day,Not Holiday
359,2011-12-25,303,451,754,Spring,2011,Dec,Sun,Clear/Few clouds,11.266103,13.998050000000001,68.13040000000001,10.391097,Not Working Day,Not Holiday
360,2011-12-26,430,887,1317,Spring,2011,Dec,Mon,Clear/Few clouds,13.191299,15.77675,50.6957,16.044155,Not Working Day,Holiday
361,2011-12-27,103,1059,1162,Spring,2011,Dec,Tue,Mist/Cloudy,13.325000000000001,16.38165,76.25,12.62615,Working Day,Not Holiday
362,2011-12-28,255,2047,2302,Spring,2011,Dec,Wed,Clear/Few clouds,12.264330000000001,13.9987,50.39130000000001,19.695386999999997,Working Day,Not Holiday
363,2011-12-29,254,2169,2423,Spring,2011,Dec,Thu,Clear/Few clouds,10.181653,13.194600000000001,57.4167,8.000604000000001,Working Day,Not Holiday
364,2011-12-30,491,2508,2999,Spring,2011,Dec,Fri,Clear/Few clouds,12.778347000000002,15.9406,63.6667,9.000579,Working Day,Not Holiday
365,2011-12-31,665,1820,2485,Spring,2011,Dec,Sat,Clear/Few clouds,16.81,20.70605,61.583299999999994,14.750318,Not Working Day,Not Holiday
366,2012-01-01,686,1608,2294,Spring,2012,Jan,Sun,Clear/Few clouds,15.17,18.78105,69.25,12.875189,Not Working Day,Not Holiday
367,2012-01-02,244,1707,1951,Spring,2012,Jan,Mon,Clear/Few clouds,11.194763,12.615199999999998,38.130399999999995,22.087555,Not Working Day,Holiday
368,2012-01-03,89,2147,2236,Spring,2012,Jan,Tue,Clear/Few clouds,6.1499999999999995,6.31375,44.125,24.499957000000002,Working Day,Not Holiday
369,2012-01-04,95,2273,2368,Spring,2012,Jan,Wed,Mist/Cloudy,4.4075,5.96685,41.4583,12.3749,Working Day,Not Holiday
370,2012-01-05,140,3132,3272,Spring,2012,Jan,Thu,Clear/Few clouds,10.899153,13.9206,52.416700000000006,8.709128999999999,Working Day,Not Holiday
371,2012-01-06,307,3791,4098,Spring,2012,Jan,Fri,Clear/Few clouds,13.700847,17.01335,54.2083,11.249836,Working Day,Not Holiday
372,2012-01-07,1070,3451,4521,Spring,2012,Jan,Sat,Clear/Few clouds,16.126653,19.53895,53.1667,11.708786,Not Working Day,Not Holiday
373,2012-01-08,599,2826,3425,Spring,2012,Jan,Sun,Clear/Few clouds,13.8375,17.012900000000002,46.5,12.833314,Not Working Day,Not Holiday
374,2012-01-09,106,2270,2376,Spring,2012,Jan,Mon,Mist/Cloudy,9.190847,12.37395,70.1667,6.6263000000000005,Working Day,Not Holiday
375,2012-01-10,173,3425,3598,Spring,2012,Jan,Tue,Clear/Few clouds,12.656536000000001,15.9413,64.65220000000001,12.565984,Working Day,Not Holiday
376,2012-01-11,92,2085,2177,Spring,2012,Jan,Wed,Mist/Cloudy,11.240847,14.14105,84.75,8.791807,Working Day,Not Holiday
377,2012-01-12,269,3828,4097,Spring,2012,Jan,Thu,Mist/Cloudy,15.682500000000001,19.0969,80.2917,12.124789,Working Day,Not Holiday
378,2012-01-13,174,3040,3214,Spring,2012,Jan,Fri,Clear/Few clouds,11.240847,12.4681,50.74999999999999,25.333236,Working Day,Not Holiday
379,2012-01-14,333,2160,2493,Spring,2012,Jan,Sat,Clear/Few clouds,7.38,9.15435,45.75,12.541260999999999,Not Working Day,Not Holiday
380,2012-01-15,284,2027,2311,Spring,2012,Jan,Sun,Clear/Few clouds,6.833347000000001,8.081249999999999,41.9167,16.834286,Not Working Day,Not Holiday
381,2012-01-16,217,2081,2298,Spring,2012,Jan,Mon,Clear/Few clouds,7.79,9.53315,52.25,15.500986000000001,Not Working Day,Holiday
382,2012-01-17,127,2808,2935,Spring,2012,Jan,Tue,Mist/Cloudy,15.294763,18.2139,71.6087,23.39171,Working Day,Not Holiday
383,2012-01-18,109,3267,3376,Spring,2012,Jan,Wed,Clear/Few clouds,12.436653000000002,13.7627,44.333299999999994,27.833743,Working Day,Not Holiday
384,2012-01-19,130,3162,3292,Spring,2012,Jan,Thu,Clear/Few clouds,7.79,9.501900000000001,49.75,14.750586,Working Day,Not Holiday
385,2012-01-20,115,3048,3163,Spring,2012,Jan,Fri,Mist/Cloudy,8.9175,11.047899999999998,45.0,13.58425,Working Day,Not Holiday
386,2012-01-21,67,1234,1301,Spring,2012,Jan,Sat,Mist/Cloudy,7.106653,8.74375,83.125,14.917014,Not Working Day,Not Holiday
387,2012-01-22,196,1781,1977,Spring,2012,Jan,Sun,Mist/Cloudy,6.6625000000000005,8.1125,79.625,13.375746000000001,Not Working Day,Not Holiday
388,2012-01-23,145,2287,2432,Spring,2012,Jan,Mon,Mist/Cloudy,8.951653,12.152899999999999,91.125,7.417436,Working Day,Not Holiday
389,2012-01-24,439,3900,4339,Spring,2012,Jan,Tue,Clear/Few clouds,14.0425,17.455399999999997,83.58330000000001,8.292389,Working Day,Not Holiday
390,2012-01-25,467,3803,4270,Spring,2012,Jan,Wed,Clear/Few clouds,12.060847,14.74105,64.375,10.791756999999999,Working Day,Not Holiday
391,2012-01-26,244,3831,4075,Spring,2012,Jan,Thu,Mist/Cloudy,14.008347,17.8025,76.95830000000001,4.9175186,Working Day,Not Holiday
392,2012-01-27,269,3187,3456,Spring,2012,Jan,Fri,Mist/Cloudy,17.425,20.76915,74.125,22.958689,Working Day,Not Holiday
393,2012-01-28,775,3248,4023,Spring,2012,Jan,Sat,Clear/Few clouds,12.949152999999999,16.318949999999997,54.333299999999994,14.125542999999999,Not Working Day,Not Holiday
394,2012-01-29,558,2685,3243,Spring,2012,Jan,Sun,Clear/Few clouds,11.5825,13.63605,31.125000000000004,16.08335,Not Working Day,Not Holiday
395,2012-01-30,126,3498,3624,Spring,2012,Jan,Mon,Clear/Few clouds,11.035847,13.13125,40.0833,14.458064,Working Day,Not Holiday
396,2012-01-31,324,4185,4509,Spring,2012,Jan,Tue,Clear/Few clouds,15.99,19.06585,41.6667,17.541739,Working Day,Not Holiday
397,2012-02-01,304,4275,4579,Spring,2012,Feb,Wed,Clear/Few clouds,19.235847,23.326900000000002,50.79169999999999,12.667489000000002,Working Day,Not Holiday
398,2012-02-02,190,3571,3761,Spring,2012,Feb,Thu,Mist/Cloudy,16.365847,19.94855,67.29169999999999,12.541528999999999,Working Day,Not Holiday
399,2012-02-03,310,3841,4151,Spring,2012,Feb,Fri,Clear/Few clouds,12.846652999999998,15.4673,52.6667,11.959232,Working Day,Not Holiday
400,2012-02-04,384,2448,2832,Spring,2012,Feb,Sat,Mist/Cloudy,10.830846999999999,13.63625,77.95830000000001,8.167032,Not Working Day,Not Holiday
401,2012-02-05,318,2629,2947,Spring,2012,Feb,Sun,Mist/Cloudy,10.899153,13.22605,68.7917,11.791732000000001,Not Working Day,Not Holiday
402,2012-02-06,206,3578,3784,Spring,2012,Feb,Mon,Clear/Few clouds,11.586969,14.8213,62.2174,10.304599999999999,Working Day,Not Holiday
403,2012-02-07,199,4176,4375,Spring,2012,Feb,Tue,Clear/Few clouds,14.520847,18.0552,49.625,9.874393000000001,Working Day,Not Holiday
404,2012-02-08,109,2693,2802,Spring,2012,Feb,Wed,Mist/Cloudy,10.523347,13.321050000000001,72.2917,8.959307,Working Day,Not Holiday
405,2012-02-09,163,3667,3830,Spring,2012,Feb,Thu,Clear/Few clouds,10.865,13.0994,56.2083,13.000478999999999,Working Day,Not Holiday
406,2012-02-10,227,3604,3831,Spring,2012,Feb,Fri,Mist/Cloudy,11.514153,14.6779,54.0,7.834243000000001,Working Day,Not Holiday
407,2012-02-11,192,1977,2169,Spring,2012,Feb,Sat,Light Rain/Snow,9.190847,10.54335,73.125,19.416332,Not Working Day,Not Holiday
408,2012-02-12,73,1456,1529,Spring,2012,Feb,Sun,Clear/Few clouds,5.2275,5.0828999999999995,46.4583,27.417204,Not Working Day,Not Holiday
409,2012-02-13,94,3328,3422,Spring,2012,Feb,Mon,Clear/Few clouds,9.1225,11.39565,41.125,11.207961,Working Day,Not Holiday
410,2012-02-14,135,3787,3922,Spring,2012,Feb,Tue,Mist/Cloudy,13.085847,16.697300000000002,50.875,9.458993,Working Day,Not Holiday
411,2012-02-15,141,4028,4169,Spring,2012,Feb,Wed,Clear/Few clouds,14.281653,17.58145,53.125,12.167200000000001,Working Day,Not Holiday
412,2012-02-16,74,2931,3005,Spring,2012,Feb,Thu,Mist/Cloudy,12.983346999999998,16.5081,75.29169999999999,6.125475000000001,Working Day,Not Holiday
413,2012-02-17,349,3805,4154,Spring,2012,Feb,Fri,Clear/Few clouds,14.076653,17.58145,63.4583,13.791682,Working Day,Not Holiday
414,2012-02-18,1435,2883,4318,Spring,2012,Feb,Sat,Clear/Few clouds,14.213347,17.77125,53.4583,12.792243,Not Working Day,Not Holiday
415,2012-02-19,618,2071,2689,Spring,2012,Feb,Sun,Mist/Cloudy,11.48,13.2894,51.5833,16.958504,Not Working Day,Not Holiday
416,2012-02-20,502,2627,3129,Spring,2012,Feb,Mon,Clear/Few clouds,11.48,13.66955,50.7826,15.348561,Not Working Day,Holiday
417,2012-02-21,163,3614,3777,Spring,2012,Feb,Tue,Clear/Few clouds,11.800866000000001,14.755650000000001,59.434799999999996,13.783039,Working Day,Not Holiday
418,2012-02-22,394,4379,4773,Spring,2012,Feb,Wed,Clear/Few clouds,16.229153,19.63335,56.7917,15.709557,Working Day,Not Holiday
419,2012-02-23,516,4546,5062,Spring,2012,Feb,Thu,Clear/Few clouds,18.620846999999998,22.2223,55.45830000000001,12.791171,Working Day,Not Holiday
420,2012-02-24,246,3241,3487,Spring,2012,Feb,Fri,Mist/Cloudy,16.7075,20.54855,73.75,15.916989,Working Day,Not Holiday
421,2012-02-25,317,2415,2732,Spring,2012,Feb,Sat,Clear/Few clouds,11.924153,12.78375,39.5833,28.250014,Not Working Day,Not Holiday
422,2012-02-26,515,2874,3389,Spring,2012,Feb,Sun,Clear/Few clouds,11.445847,13.4154,41.0,13.750342999999999,Not Working Day,Not Holiday
423,2012-02-27,253,4069,4322,Spring,2012,Feb,Mon,Clear/Few clouds,15.033347000000001,17.8977,49.0833,17.958211000000002,Working Day,Not Holiday
424,2012-02-28,229,4134,4363,Spring,2012,Feb,Tue,Clear/Few clouds,14.725847,17.67625,39.5833,12.958939,Working Day,Not Holiday
425,2012-02-29,65,1769,1834,Spring,2012,Feb,Wed,Mist/Cloudy,14.118267999999999,17.4235,80.4783,12.000839,Working Day,Not Holiday
426,2012-03-01,325,4665,4990,Spring,2012,Mar,Thu,Clear/Few clouds,19.919153,23.768549999999998,61.5417,15.208129,Working Day,Not Holiday
427,2012-03-02,246,2948,3194,Spring,2012,Mar,Fri,Mist/Cloudy,14.486653,17.9921,65.7083,9.708568,Working Day,Not Holiday
428,2012-03-03,956,3110,4066,Spring,2012,Mar,Sat,Mist/Cloudy,16.980847,20.6746,62.125,10.792293,Not Working Day,Not Holiday
429,2012-03-04,710,2713,3423,Spring,2012,Mar,Sun,Clear/Few clouds,13.359153,15.15105,40.3333,22.416257,Not Working Day,Not Holiday
430,2012-03-05,203,3130,3333,Spring,2012,Mar,Mon,Clear/Few clouds,9.976652999999999,12.05855,50.625,15.333486,Working Day,Not Holiday
431,2012-03-06,221,3735,3956,Spring,2012,Mar,Tue,Clear/Few clouds,10.591652999999999,12.752099999999999,45.6667,13.458625,Working Day,Not Holiday
432,2012-03-07,432,4484,4916,Spring,2012,Mar,Wed,Clear/Few clouds,16.570847,19.255,51.3333,23.167193,Working Day,Not Holiday
433,2012-03-08,486,4896,5382,Spring,2012,Mar,Thu,Clear/Few clouds,21.627499999999998,26.230199999999996,56.75,29.584721,Working Day,Not Holiday
434,2012-03-09,447,4122,4569,Spring,2012,Mar,Fri,Mist/Cloudy,16.844153,19.85415,40.708299999999994,27.7916,Working Day,Not Holiday
435,2012-03-10,968,3150,4118,Spring,2012,Mar,Sat,Clear/Few clouds,11.7875,13.888349999999999,35.0417,15.125250000000001,Not Working Day,Not Holiday
436,2012-03-11,1658,3253,4911,Spring,2012,Mar,Sun,Clear/Few clouds,14.831299,17.9835,47.6957,14.913329000000001,Not Working Day,Not Holiday
437,2012-03-12,838,4460,5298,Spring,2012,Mar,Mon,Clear/Few clouds,19.133347,22.9796,48.9167,13.916771,Working Day,Not Holiday
438,2012-03-13,762,5085,5847,Spring,2012,Mar,Tue,Clear/Few clouds,23.165,27.14645,61.75000000000001,15.87565,Working Day,Not Holiday
439,2012-03-14,997,5315,6312,Spring,2012,Mar,Wed,Clear/Few clouds,23.4725,27.43085,50.708299999999994,7.709154,Working Day,Not Holiday
440,2012-03-15,1005,5187,6192,Spring,2012,Mar,Thu,Clear/Few clouds,22.857499999999998,26.64125,57.958299999999994,10.042161,Working Day,Not Holiday
441,2012-03-16,548,3830,4378,Spring,2012,Mar,Fri,Mist/Cloudy,17.869153,21.81145,84.20830000000001,7.583864,Working Day,Not Holiday
442,2012-03-17,3155,4681,7836,Spring,2012,Mar,Sat,Mist/Cloudy,21.080847000000002,25.252299999999998,75.5833,7.417168,Not Working Day,Not Holiday
443,2012-03-18,2207,3685,5892,Spring,2012,Mar,Sun,Mist/Cloudy,19.3725,23.200000000000003,81.0,8.501161,Not Working Day,Not Holiday
444,2012-03-19,982,5171,6153,Spring,2012,Mar,Mon,Clear/Few clouds,22.345000000000002,26.64105,72.875,10.875238999999999,Working Day,Not Holiday
445,2012-03-20,1051,5042,6093,Spring,2012,Mar,Tue,Clear/Few clouds,22.994153,26.926650000000002,80.7917,8.125157,Working Day,Not Holiday
446,2012-03-21,1122,5108,6230,Summer,2012,Mar,Wed,Mist/Cloudy,21.798347,25.6629,82.125,6.000406099999999,Working Day,Not Holiday
447,2012-03-22,1334,5537,6871,Summer,2012,Mar,Thu,Clear/Few clouds,22.720847,26.57835,83.125,7.876654,Working Day,Not Holiday
448,2012-03-23,2469,5893,8362,Summer,2012,Mar,Fri,Mist/Cloudy,24.668346999999997,28.50335,69.41669999999999,7.7921000000000005,Working Day,Not Holiday
449,2012-03-24,1033,2339,3372,Summer,2012,Mar,Sat,Mist/Cloudy,20.6025,24.336650000000002,88.5417,12.916461,Not Working Day,Not Holiday
450,2012-03-25,1532,3464,4996,Summer,2012,Mar,Sun,Mist/Cloudy,17.9375,21.874399999999998,88.0833,14.791924999999999,Not Working Day,Not Holiday
451,2012-03-26,795,4763,5558,Summer,2012,Mar,Mon,Clear/Few clouds,18.279153,21.9375,47.7917,25.917007,Working Day,Not Holiday
452,2012-03-27,531,4571,5102,Summer,2012,Mar,Tue,Clear/Few clouds,13.256653,15.7827,28.999999999999996,12.541864,Working Day,Not Holiday
453,2012-03-28,674,5024,5698,Summer,2012,Mar,Wed,Clear/Few clouds,19.850847,23.5475,48.125,19.541957,Working Day,Not Holiday
454,2012-03-29,834,5299,6133,Summer,2012,Mar,Thu,Clear/Few clouds,20.260847000000002,24.1152,43.9167,21.41655,Working Day,Not Holiday
455,2012-03-30,796,4663,5459,Summer,2012,Mar,Fri,Mist/Cloudy,15.17,18.78105,58.0833,9.250489,Working Day,Not Holiday
456,2012-03-31,2301,3934,6235,Summer,2012,Mar,Sat,Mist/Cloudy,17.390847,21.0854,73.83330000000001,16.791338999999997,Not Working Day,Not Holiday
457,2012-04-01,2347,3694,6041,Summer,2012,Apr,Sun,Mist/Cloudy,17.459153,20.86435,67.625,11.541889,Not Working Day,Not Holiday
458,2012-04-02,1208,4728,5936,Summer,2012,Apr,Mon,Clear/Few clouds,17.790433,21.37565,50.4348,20.913313,Working Day,Not Holiday
459,2012-04-03,1348,5424,6772,Summer,2012,Apr,Tue,Clear/Few clouds,19.133347,23.07415,39.6667,6.708911,Working Day,Not Holiday
460,2012-04-04,1058,5378,6436,Summer,2012,Apr,Wed,Clear/Few clouds,22.208347,26.6725,46.958299999999994,12.125325,Working Day,Not Holiday
461,2012-04-05,1192,5265,6457,Summer,2012,Apr,Thu,Clear/Few clouds,17.835,21.55815,37.416700000000006,14.708443,Working Day,Not Holiday
462,2012-04-06,1807,4653,6460,Summer,2012,Apr,Fri,Clear/Few clouds,16.536653,19.538349999999998,37.7083,20.125996,Working Day,Not Holiday
463,2012-04-07,3252,3605,6857,Summer,2012,Apr,Sat,Clear/Few clouds,17.9375,21.306449999999998,25.4167,18.416356999999998,Not Working Day,Not Holiday
464,2012-04-08,2230,2939,5169,Summer,2012,Apr,Sun,Clear/Few clouds,20.5,24.62125,27.5833,15.583931999999999,Not Working Day,Not Holiday
465,2012-04-09,905,4680,5585,Summer,2012,Apr,Mon,Clear/Few clouds,20.055847,23.8319,31.75,23.999132,Working Day,Not Holiday
466,2012-04-10,819,5099,5918,Summer,2012,Apr,Tue,Clear/Few clouds,18.313347,21.81165,43.5,16.708125000000003,Working Day,Not Holiday
467,2012-04-11,482,4380,4862,Summer,2012,Apr,Wed,Clear/Few clouds,14.296536,16.8637,46.9565,19.783358,Working Day,Not Holiday
468,2012-04-12,663,4746,5409,Summer,2012,Apr,Thu,Clear/Few clouds,16.2975,19.3802,46.625,19.458743,Working Day,Not Holiday
469,2012-04-13,1252,5146,6398,Summer,2012,Apr,Fri,Clear/Few clouds,18.142500000000002,21.590400000000002,40.8333,10.416557,Working Day,Not Holiday
470,2012-04-14,2795,4665,7460,Summer,2012,Apr,Sat,Clear/Few clouds,20.294999999999998,24.3998,50.29169999999999,12.791439,Not Working Day,Not Holiday
471,2012-04-15,2846,4286,7132,Summer,2012,Apr,Sun,Clear/Few clouds,24.873347,28.69375,50.79169999999999,15.083643,Not Working Day,Not Holiday
472,2012-04-16,1198,5172,6370,Summer,2012,Apr,Mon,Clear/Few clouds,27.230846999999997,30.746250000000003,56.166700000000006,19.083543,Not Working Day,Holiday
473,2012-04-17,989,5702,6691,Summer,2012,Apr,Tue,Clear/Few clouds,24.941653000000002,29.92435,39.0417,18.333143,Working Day,Not Holiday
474,2012-04-18,347,4020,4367,Summer,2012,Apr,Wed,Mist/Cloudy,18.996653,22.8519,56.9167,11.250104,Working Day,Not Holiday
475,2012-04-19,846,5719,6565,Summer,2012,Apr,Thu,Clear/Few clouds,20.431653,24.6523,61.25000000000001,4.417256399999999,Working Day,Not Holiday
476,2012-04-20,1340,5950,7290,Summer,2012,Apr,Fri,Clear/Few clouds,21.593347,25.78875,69.4583,10.041357,Working Day,Not Holiday
477,2012-04-21,2541,4083,6624,Summer,2012,Apr,Sat,Clear/Few clouds,23.369999999999997,27.14605,68.2917,19.000328999999997,Not Working Day,Not Holiday
478,2012-04-22,120,907,1027,Summer,2012,Apr,Sun,Light Rain/Snow,16.263347,19.4752,83.54169999999999,23.084582,Not Working Day,Not Holiday
479,2012-04-23,195,3019,3214,Summer,2012,Apr,Mon,Mist/Cloudy,13.188346999999998,15.056249999999999,76.66669999999999,20.334232,Working Day,Not Holiday
480,2012-04-24,518,5115,5633,Summer,2012,Apr,Tue,Clear/Few clouds,16.946653,20.26415,45.4167,16.708661,Working Day,Not Holiday
481,2012-04-25,655,5541,6196,Summer,2012,Apr,Wed,Clear/Few clouds,19.543347,23.51585,42.7917,7.959064,Working Day,Not Holiday
482,2012-04-26,475,4551,5026,Summer,2012,Apr,Thu,Mist/Cloudy,20.431653,24.17915,75.66669999999999,11.833875,Working Day,Not Holiday
483,2012-04-27,1014,5219,6233,Summer,2012,Apr,Fri,Clear/Few clouds,18.7575,22.63185,40.0833,23.291411,Working Day,Not Holiday
484,2012-04-28,1120,3100,4220,Summer,2012,Apr,Sat,Mist/Cloudy,15.443347,18.8752,48.9583,8.708325,Not Working Day,Not Holiday
485,2012-04-29,2229,4075,6304,Summer,2012,Apr,Sun,Clear/Few clouds,18.791653,22.50605,58.7083,7.8328359999999995,Not Working Day,Not Holiday
486,2012-04-30,665,4907,5572,Summer,2012,Apr,Mon,Mist/Cloudy,19.030847,22.8848,56.99999999999999,11.499746,Working Day,Not Holiday
487,2012-05-01,653,5087,5740,Summer,2012,May,Tue,Mist/Cloudy,25.146653,28.85105,65.95830000000001,10.458432,Working Day,Not Holiday
488,2012-05-02,667,5502,6169,Summer,2012,May,Wed,Clear/Few clouds,23.130847,26.894800000000004,79.7083,9.249885999999998,Working Day,Not Holiday
489,2012-05-03,764,5657,6421,Summer,2012,May,Thu,Mist/Cloudy,22.96,26.862099999999998,76.83330000000001,8.957632,Working Day,Not Holiday
490,2012-05-04,1069,5227,6296,Summer,2012,May,Fri,Clear/Few clouds,25.7275,29.54585,73.54169999999999,10.916846,Working Day,Not Holiday
491,2012-05-05,2496,4387,6883,Summer,2012,May,Sat,Mist/Cloudy,25.488346999999997,29.2304,75.66669999999999,10.250464,Not Working Day,Not Holiday
492,2012-05-06,2135,4224,6359,Summer,2012,May,Sun,Mist/Cloudy,23.0625,27.336850000000002,74.0,10.041893,Not Working Day,Not Holiday
493,2012-05-07,1008,5265,6273,Summer,2012,May,Mon,Mist/Cloudy,22.037499999999998,26.3571,66.41669999999999,15.458307000000001,Working Day,Not Holiday
494,2012-05-08,738,4990,5728,Summer,2012,May,Tue,Mist/Cloudy,23.848347,27.87355,68.58330000000001,19.833942999999998,Working Day,Not Holiday
495,2012-05-09,620,4097,4717,Summer,2012,May,Wed,Mist/Cloudy,23.575,27.65125,74.4167,14.499604,Working Day,Not Holiday
496,2012-05-10,1026,5546,6572,Summer,2012,May,Thu,Clear/Few clouds,20.739152999999998,24.58915,55.2083,21.042220999999998,Working Day,Not Holiday
497,2012-05-11,1319,5711,7030,Summer,2012,May,Fri,Clear/Few clouds,21.866653,26.04165,36.0417,15.874779,Working Day,Not Holiday
498,2012-05-12,2622,4807,7429,Summer,2012,May,Sat,Clear/Few clouds,23.130847,27.24085,48.0417,8.249911,Not Working Day,Not Holiday
499,2012-05-13,2172,3946,6118,Summer,2012,May,Sun,Clear/Few clouds,25.1125,29.2619,57.62500000000001,15.082839,Not Working Day,Not Holiday
500,2012-05-14,342,2501,2843,Summer,2012,May,Mon,Mist/Cloudy,23.506653,27.495000000000005,78.95830000000001,14.250364,Working Day,Not Holiday
501,2012-05-15,625,4490,5115,Summer,2012,May,Tue,Mist/Cloudy,25.078346999999997,28.8202,79.45830000000001,9.875264,Working Day,Not Holiday
502,2012-05-16,991,6433,7424,Summer,2012,May,Wed,Clear/Few clouds,26.103347,29.798750000000002,69.7917,8.208304,Working Day,Not Holiday
503,2012-05-17,1242,6142,7384,Summer,2012,May,Thu,Clear/Few clouds,24.326653,28.630650000000003,52.0,15.374825000000001,Working Day,Not Holiday
504,2012-05-18,1521,6118,7639,Summer,2012,May,Fri,Clear/Few clouds,23.130847,27.55605,52.33330000000001,9.166739,Working Day,Not Holiday
505,2012-05-19,3410,4884,8294,Summer,2012,May,Sat,Clear/Few clouds,24.599999999999998,28.345399999999998,45.625,5.626325,Not Working Day,Not Holiday
506,2012-05-20,2704,4425,7129,Summer,2012,May,Sun,Clear/Few clouds,25.454152999999998,29.19835,53.041700000000006,17.042589,Not Working Day,Not Holiday
507,2012-05-21,630,3729,4359,Summer,2012,May,Mon,Mist/Cloudy,24.531653,28.283350000000002,81.125,15.624668,Working Day,Not Holiday
508,2012-05-22,819,5254,6073,Summer,2012,May,Tue,Mist/Cloudy,25.215,29.04125,76.5833,7.917189,Working Day,Not Holiday
509,2012-05-23,766,4494,5260,Summer,2012,May,Wed,Mist/Cloudy,25.488346999999997,29.230600000000003,77.45830000000001,6.834,Working Day,Not Holiday
510,2012-05-24,1059,5711,6770,Summer,2012,May,Thu,Clear/Few clouds,26.855,30.335,71.6667,11.584031999999999,Working Day,Not Holiday
511,2012-05-25,1417,5317,6734,Summer,2012,May,Fri,Clear/Few clouds,27.880000000000003,31.37645,74.70830000000001,9.41685,Working Day,Not Holiday
512,2012-05-26,2855,3681,6536,Summer,2012,May,Sat,Clear/Few clouds,28.392500000000002,32.134800000000006,73.25,13.332464,Not Working Day,Not Holiday
513,2012-05-27,3283,3308,6591,Summer,2012,May,Sun,Clear/Few clouds,28.29,32.07125,69.7083,14.416457,Not Working Day,Not Holiday
514,2012-05-28,2557,3486,6043,Summer,2012,May,Mon,Clear/Few clouds,29.212500000000002,33.965,67.625,13.166907,Not Working Day,Holiday
515,2012-05-29,880,4863,5743,Summer,2012,May,Tue,Clear/Few clouds,29.622500000000002,33.6496,68.45830000000001,19.7918,Working Day,Not Holiday
516,2012-05-30,745,6110,6855,Summer,2012,May,Wed,Mist/Cloudy,26.923347,30.55645,67.0,9.000043,Working Day,Not Holiday
517,2012-05-31,1100,6238,7338,Summer,2012,May,Thu,Clear/Few clouds,27.880000000000003,31.566450000000003,49.2917,13.083693,Working Day,Not Holiday
518,2012-06-01,533,3594,4127,Summer,2012,Jun,Fri,Mist/Cloudy,26.820847,30.3981,75.5417,15.916720999999999,Working Day,Not Holiday
519,2012-06-02,2795,5325,8120,Summer,2012,Jun,Sat,Clear/Few clouds,23.916653,28.3144,54.9167,12.499654,Not Working Day,Not Holiday
520,2012-06-03,2494,5147,7641,Summer,2012,Jun,Sun,Clear/Few clouds,24.7025,28.75665,49.3333,12.333829,Not Working Day,Not Holiday
521,2012-06-04,1071,5927,6998,Summer,2012,Jun,Mon,Clear/Few clouds,24.497500000000002,28.91415,48.7083,19.083811,Working Day,Not Holiday
522,2012-06-05,968,6033,7001,Summer,2012,Jun,Tue,Mist/Cloudy,22.174153,26.294600000000003,61.3333,14.041525,Working Day,Not Holiday
523,2012-06-06,1027,6028,7055,Summer,2012,Jun,Wed,Clear/Few clouds,22.720847,27.1146,61.12499999999999,5.167375,Working Day,Not Holiday
524,2012-06-07,1038,6456,7494,Summer,2012,Jun,Thu,Clear/Few clouds,24.7025,28.4721,56.7083,10.542449999999999,Working Day,Not Holiday
525,2012-06-08,1488,6248,7736,Summer,2012,Jun,Fri,Clear/Few clouds,26.615847000000002,29.8931,46.791700000000006,11.750661000000001,Working Day,Not Holiday
526,2012-06-09,2708,4790,7498,Summer,2012,Jun,Sat,Clear/Few clouds,29.144153000000003,32.418350000000004,43.7083,9.667229,Not Working Day,Not Holiday
527,2012-06-10,2224,4374,6598,Summer,2012,Jun,Sun,Clear/Few clouds,29.793346999999997,33.175850000000004,53.833299999999994,8.959307,Not Working Day,Not Holiday
528,2012-06-11,1017,5647,6664,Summer,2012,Jun,Mon,Mist/Cloudy,29.554153,32.98605,58.791700000000006,13.916771,Working Day,Not Holiday
529,2012-06-12,477,4495,4972,Summer,2012,Jun,Tue,Mist/Cloudy,26.786653,29.89375,83.3333,14.374581999999998,Working Day,Not Holiday
530,2012-06-13,1173,6248,7421,Summer,2012,Jun,Wed,Clear/Few clouds,26.889153,30.55585,58.2083,22.999693,Working Day,Not Holiday
531,2012-06-14,1180,6183,7363,Summer,2012,Jun,Thu,Clear/Few clouds,26.581653000000003,31.219150000000003,56.958299999999994,17.000111,Working Day,Not Holiday
532,2012-06-15,1563,6102,7665,Summer,2012,Jun,Fri,Clear/Few clouds,26.205847000000002,29.9877,58.958299999999994,11.833339,Working Day,Not Holiday
533,2012-06-16,2963,4739,7702,Summer,2012,Jun,Sat,Clear/Few clouds,25.898346999999998,29.735400000000002,50.416700000000006,11.166689,Not Working Day,Not Holiday
534,2012-06-17,2634,4344,6978,Summer,2012,Jun,Sun,Clear/Few clouds,24.2925,28.59875,59.875,9.708568,Not Working Day,Not Holiday
535,2012-06-18,653,4446,5099,Summer,2012,Jun,Mon,Mist/Cloudy,23.301652999999998,27.2421,77.79169999999999,11.707982000000001,Working Day,Not Holiday
536,2012-06-19,968,5857,6825,Summer,2012,Jun,Tue,Clear/Few clouds,28.221653,32.7346,69.0,9.917139,Working Day,Not Holiday
537,2012-06-20,872,5339,6211,Summer,2012,Jun,Wed,Clear/Few clouds,32.082499999999996,36.04875,59.2083,7.625404,Working Day,Not Holiday
538,2012-06-21,778,5127,5905,Fall,2012,Jun,Thu,Clear/Few clouds,33.039153,37.6271,56.7917,7.958729,Working Day,Not Holiday
539,2012-06-22,964,4859,5823,Fall,2012,Jun,Fri,Clear/Few clouds,31.877499999999998,36.20605,57.375,12.250414000000001,Working Day,Not Holiday
540,2012-06-23,2657,4801,7458,Fall,2012,Jun,Sat,Clear/Few clouds,29.998347,32.6396,53.4583,12.041307,Not Working Day,Not Holiday
541,2012-06-24,2551,4340,6891,Fall,2012,Jun,Sun,Clear/Few clouds,30.476653000000002,33.7127,47.9167,9.750174999999999,Not Working Day,Not Holiday
542,2012-06-25,1139,5640,6779,Fall,2012,Jun,Mon,Clear/Few clouds,29.349153,32.7021,50.416700000000006,20.125661,Working Day,Not Holiday
543,2012-06-26,1077,6365,7442,Fall,2012,Jun,Tue,Clear/Few clouds,25.864152999999998,29.7352,37.3333,23.292014,Working Day,Not Holiday
544,2012-06-27,1077,6258,7335,Fall,2012,Jun,Wed,Clear/Few clouds,28.5975,32.0396,36.0,18.208925,Working Day,Not Holiday
545,2012-06-28,921,5958,6879,Fall,2012,Jun,Thu,Clear/Few clouds,30.715847,33.7756,42.25,11.50055,Working Day,Not Holiday
546,2012-06-29,829,4634,5463,Fall,2012,Jun,Fri,Clear/Few clouds,34.200847,39.33065,48.875,11.082939000000001,Working Day,Not Holiday
547,2012-06-30,1455,4232,5687,Fall,2012,Jun,Sat,Clear/Few clouds,31.365000000000002,34.3754,60.12499999999999,10.791756999999999,Not Working Day,Not Holiday
548,2012-07-01,1421,4110,5531,Fall,2012,Jul,Sun,Clear/Few clouds,33.449153,37.53145,51.87500000000001,11.291443000000001,Not Working Day,Not Holiday
549,2012-07-02,904,5323,6227,Fall,2012,Jul,Mon,Clear/Few clouds,32.048347,35.1019,44.7083,13.082889,Working Day,Not Holiday
550,2012-07-03,1052,5608,6660,Fall,2012,Jul,Tue,Clear/Few clouds,32.014153,35.1325,49.2083,8.457878999999998,Working Day,Not Holiday
551,2012-07-04,2562,4841,7403,Fall,2012,Jul,Wed,Clear/Few clouds,32.355847,36.61685,53.87499999999999,9.041649999999999,Not Working Day,Holiday
552,2012-07-05,1405,4836,6241,Fall,2012,Jul,Thu,Clear/Few clouds,33.9275,38.06835,45.7917,12.999943,Working Day,Not Holiday
553,2012-07-06,1366,4841,6207,Fall,2012,Jul,Fri,Clear/Few clouds,33.961653,37.62665,45.0833,9.791514,Working Day,Not Holiday
554,2012-07-07,1448,3392,4840,Fall,2012,Jul,Sat,Clear/Few clouds,35.328347,40.24565,49.2083,10.958118,Not Working Day,Not Holiday
555,2012-07-08,1203,3469,4672,Fall,2012,Jul,Sun,Clear/Few clouds,33.722500000000004,39.5198,57.375,8.417143,Not Working Day,Not Holiday
556,2012-07-09,998,5571,6569,Fall,2012,Jul,Mon,Mist/Cloudy,29.144153000000003,32.7027,68.3333,12.125325,Working Day,Not Holiday
557,2012-07-10,954,5336,6290,Fall,2012,Jul,Tue,Mist/Cloudy,29.554153,33.2398,66.75,10.166379000000001,Working Day,Not Holiday
558,2012-07-11,975,6289,7264,Fall,2012,Jul,Wed,Clear/Few clouds,29.383347,32.51355,63.3333,10.166111,Working Day,Not Holiday
559,2012-07-12,1032,6414,7446,Fall,2012,Jul,Thu,Clear/Few clouds,29.349153,32.73415,52.9583,9.833924999999999,Working Day,Not Holiday
560,2012-07-13,1511,5988,7499,Fall,2012,Jul,Fri,Mist/Cloudy,29.998347,33.39665,48.5833,5.41695,Working Day,Not Holiday
561,2012-07-14,2355,4614,6969,Fall,2012,Jul,Sat,Mist/Cloudy,28.836653,33.3021,69.91669999999999,9.626493,Not Working Day,Not Holiday
562,2012-07-15,1920,4111,6031,Fall,2012,Jul,Sun,Clear/Few clouds,30.579152999999998,35.259800000000006,71.7917,11.166689,Not Working Day,Not Holiday
563,2012-07-16,1088,5742,6830,Fall,2012,Jul,Mon,Clear/Few clouds,31.296653000000003,36.206250000000004,64.5,11.000529,Working Day,Not Holiday
564,2012-07-17,921,5865,6786,Fall,2012,Jul,Tue,Clear/Few clouds,33.551653,37.78415,50.583299999999994,7.666743,Working Day,Not Holiday
565,2012-07-18,799,4914,5713,Fall,2012,Jul,Wed,Clear/Few clouds,32.526652999999996,37.27915,57.7083,9.208614,Working Day,Not Holiday
566,2012-07-19,888,5703,6591,Fall,2012,Jul,Thu,Clear/Few clouds,31.57,35.7321,60.0417,11.083743,Working Day,Not Holiday
567,2012-07-20,747,5123,5870,Fall,2012,Jul,Fri,Mist/Cloudy,27.299153,30.65125,84.4167,14.000789000000001,Working Day,Not Holiday
568,2012-07-21,1264,3195,4459,Fall,2012,Jul,Sat,Light Rain/Snow,24.429153,27.495599999999996,86.5417,14.2911,Not Working Day,Not Holiday
569,2012-07-22,2544,4866,7410,Fall,2012,Jul,Sun,Mist/Cloudy,27.3675,31.156250000000004,76.25,6.2926936,Not Working Day,Not Holiday
570,2012-07-23,1135,5831,6966,Fall,2012,Jul,Mon,Clear/Few clouds,30.408347,34.50085,69.41669999999999,9.291761,Working Day,Not Holiday
571,2012-07-24,1140,6452,7592,Fall,2012,Jul,Tue,Clear/Few clouds,30.784153,35.3225,65.5,14.167418,Working Day,Not Holiday
572,2012-07-25,1383,6790,8173,Fall,2012,Jul,Wed,Clear/Few clouds,29.690847,32.7027,45.0,11.0416,Working Day,Not Holiday
573,2012-07-26,1036,5825,6861,Fall,2012,Jul,Thu,Clear/Few clouds,31.843347,36.96315,59.66669999999999,19.082470999999998,Working Day,Not Holiday
574,2012-07-27,1259,5645,6904,Fall,2012,Jul,Fri,Clear/Few clouds,32.048347,36.71085,59.458299999999994,10.250464,Working Day,Not Holiday
575,2012-07-28,2234,4451,6685,Fall,2012,Jul,Sat,Clear/Few clouds,30.989152999999998,34.8802,61.3333,10.542449999999999,Not Working Day,Not Holiday
576,2012-07-29,2153,4444,6597,Fall,2012,Jul,Sun,Clear/Few clouds,29.588347,33.39665,62.375,11.416532,Not Working Day,Not Holiday
577,2012-07-30,1040,6065,7105,Fall,2012,Jul,Mon,Clear/Few clouds,29.964153,34.24935,66.875,10.292339,Working Day,Not Holiday
578,2012-07-31,968,6248,7216,Fall,2012,Jul,Tue,Clear/Few clouds,29.246653,33.144800000000004,70.41669999999999,11.083475,Working Day,Not Holiday
579,2012-08-01,1074,6506,7580,Fall,2012,Aug,Wed,Clear/Few clouds,29.4175,33.3654,67.75,9.458993,Working Day,Not Holiday
580,2012-08-02,983,6278,7261,Fall,2012,Aug,Thu,Clear/Few clouds,30.8525,35.354400000000005,65.95830000000001,8.666718,Working Day,Not Holiday
581,2012-08-03,1328,5847,7175,Fall,2012,Aug,Fri,Mist/Cloudy,31.399153,36.143350000000005,64.25,14.458064,Working Day,Not Holiday
582,2012-08-04,2345,4479,6824,Fall,2012,Aug,Sat,Clear/Few clouds,32.526652999999996,37.56335,61.3333,17.249686,Not Working Day,Not Holiday
583,2012-08-05,1707,3757,5464,Fall,2012,Aug,Sun,Clear/Few clouds,31.535847,36.55395,65.25,19.458206999999998,Not Working Day,Not Holiday
584,2012-08-06,1233,5780,7013,Fall,2012,Aug,Mon,Mist/Cloudy,30.8525,35.5123,65.4167,8.666718,Working Day,Not Holiday
585,2012-08-07,1278,5995,7273,Fall,2012,Aug,Tue,Mist/Cloudy,30.169152999999998,34.88105,70.375,7.8328359999999995,Working Day,Not Holiday
586,2012-08-08,1263,6271,7534,Fall,2012,Aug,Wed,Mist/Cloudy,30.75,35.385850000000005,67.29169999999999,7.4169,Working Day,Not Holiday
587,2012-08-09,1196,6090,7286,Fall,2012,Aug,Thu,Clear/Few clouds,30.989152999999998,34.9754,62.0417,10.458699999999999,Working Day,Not Holiday
588,2012-08-10,1065,4721,5786,Fall,2012,Aug,Fri,Mist/Cloudy,29.349153,33.3971,71.58330000000001,16.000471,Working Day,Not Holiday
589,2012-08-11,2247,4052,6299,Fall,2012,Aug,Sat,Mist/Cloudy,28.392500000000002,31.91335,73.2917,13.834093,Not Working Day,Not Holiday
590,2012-08-12,2182,4362,6544,Fall,2012,Aug,Sun,Clear/Few clouds,28.734153000000003,32.22895,53.041700000000006,8.208304,Not Working Day,Not Holiday
591,2012-08-13,1207,5676,6883,Fall,2012,Aug,Mon,Clear/Few clouds,29.554153,33.112700000000004,54.541700000000006,9.126204,Working Day,Not Holiday
592,2012-08-14,1128,5656,6784,Fall,2012,Aug,Tue,Clear/Few clouds,29.793346999999997,33.838950000000004,68.6667,11.333586,Working Day,Not Holiday
593,2012-08-15,1198,6149,7347,Fall,2012,Aug,Wed,Clear/Few clouds,28.973347,32.70185,61.9583,11.374657000000001,Working Day,Not Holiday
594,2012-08-16,1338,6267,7605,Fall,2012,Aug,Thu,Clear/Few clouds,29.485847,32.7344,51.916700000000006,9.500332,Working Day,Not Holiday
595,2012-08-17,1483,5665,7148,Fall,2012,Aug,Fri,Clear/Few clouds,29.656653,12.120000000000001,57.0833,15.500718,Working Day,Not Holiday
596,2012-08-18,2827,5038,7865,Fall,2012,Aug,Sat,Clear/Few clouds,27.811653,30.903550000000003,60.3333,11.917089,Not Working Day,Not Holiday
597,2012-08-19,1208,3341,4549,Fall,2012,Aug,Sun,Mist/Cloudy,26.069153,30.1777,71.1667,5.79215,Not Working Day,Not Holiday
598,2012-08-20,1026,5504,6530,Fall,2012,Aug,Mon,Mist/Cloudy,26.069153,29.798350000000003,73.4167,8.708593,Working Day,Not Holiday
599,2012-08-21,1081,5925,7006,Fall,2012,Aug,Tue,Clear/Few clouds,26.615847000000002,30.051250000000003,67.375,4.8756436,Working Day,Not Holiday
600,2012-08-22,1094,6281,7375,Fall,2012,Aug,Wed,Clear/Few clouds,27.3675,31.0927,67.7083,4.708981100000001,Working Day,Not Holiday
601,2012-08-23,1363,6402,7765,Fall,2012,Aug,Thu,Clear/Few clouds,28.529153,31.8504,63.5833,5.6679186,Working Day,Not Holiday
602,2012-08-24,1325,6257,7582,Fall,2012,Aug,Fri,Mist/Cloudy,28.802500000000002,32.355000000000004,61.5,4.8337686,Working Day,Not Holiday
603,2012-08-25,1829,4224,6053,Fall,2012,Aug,Sat,Mist/Cloudy,27.128347,30.934800000000003,71.2917,16.375336,Not Working Day,Not Holiday
604,2012-08-26,1483,3772,5255,Fall,2012,Aug,Sun,Mist/Cloudy,26.786653,29.799799999999998,84.5833,15.333486,Not Working Day,Not Holiday
605,2012-08-27,989,5928,6917,Fall,2012,Aug,Mon,Clear/Few clouds,28.836653,32.7344,73.04169999999999,8.625110999999999,Working Day,Not Holiday
606,2012-08-28,935,6105,7040,Fall,2012,Aug,Tue,Clear/Few clouds,29.861653,33.3025,62.0,12.791975,Working Day,Not Holiday
607,2012-08-29,1177,6520,7697,Fall,2012,Aug,Wed,Clear/Few clouds,28.085,31.786649999999998,55.2083,7.541653999999999,Working Day,Not Holiday
608,2012-08-30,1172,6541,7713,Fall,2012,Aug,Thu,Clear/Few clouds,28.973347,32.63895,59.0417,5.1668189,Working Day,Not Holiday
609,2012-08-31,1433,5917,7350,Fall,2012,Aug,Fri,Clear/Few clouds,31.330847000000002,34.47,58.75,11.291711,Working Day,Not Holiday
610,2012-09-01,2352,3788,6140,Fall,2012,Sep,Sat,Mist/Cloudy,30.886653000000003,35.1327,63.8333,7.5835289999999995,Not Working Day,Not Holiday
611,2012-09-02,2613,3197,5810,Fall,2012,Sep,Sun,Mist/Cloudy,28.563347,32.45,81.5,4.2927436,Not Working Day,Not Holiday
612,2012-09-03,1965,4069,6034,Fall,2012,Sep,Mon,Clear/Few clouds,29.0075,33.081450000000004,79.0833,10.125107,Not Working Day,Holiday
613,2012-09-04,867,5997,6864,Fall,2012,Sep,Tue,Clear/Few clouds,29.759152999999998,34.3444,75.5,15.833507,Working Day,Not Holiday
614,2012-09-05,832,6280,7112,Fall,2012,Sep,Wed,Clear/Few clouds,30.203346999999997,35.44915,74.125,12.583136,Working Day,Not Holiday
615,2012-09-06,611,5592,6203,Fall,2012,Sep,Thu,Mist/Cloudy,28.563347,32.766450000000006,81.0417,9.542207,Working Day,Not Holiday
616,2012-09-07,1045,6459,7504,Fall,2012,Sep,Fri,Clear/Few clouds,28.836653,32.8602,73.625,11.500282,Working Day,Not Holiday
617,2012-09-08,1557,4419,5976,Fall,2012,Sep,Sat,Mist/Cloudy,27.025847,30.556050000000003,79.91669999999999,18.833968000000002,Not Working Day,Not Holiday
618,2012-09-09,2570,5657,8227,Fall,2012,Sep,Sun,Clear/Few clouds,25.009999999999998,28.946250000000003,54.75,15.041232,Not Working Day,Not Holiday
619,2012-09-10,1118,6407,7525,Fall,2012,Sep,Mon,Clear/Few clouds,23.916653,28.2827,50.375,17.333771000000002,Working Day,Not Holiday
620,2012-09-11,1070,6697,7767,Fall,2012,Sep,Tue,Clear/Few clouds,23.677500000000002,27.7146,52.0,6.1676314,Working Day,Not Holiday
621,2012-09-12,1050,6820,7870,Fall,2012,Sep,Wed,Clear/Few clouds,24.565847,28.50375,57.7083,8.833682,Working Day,Not Holiday
622,2012-09-13,1054,6750,7804,Fall,2012,Sep,Thu,Clear/Few clouds,25.1125,28.9779,63.708299999999994,5.5422936,Working Day,Not Holiday
623,2012-09-14,1379,6630,8009,Fall,2012,Sep,Fri,Clear/Few clouds,25.966653,29.704150000000002,67.25,6.9588209999999995,Working Day,Not Holiday
624,2012-09-15,3160,5554,8714,Fall,2012,Sep,Sat,Clear/Few clouds,24.941653000000002,29.29335,50.1667,16.583907,Not Working Day,Not Holiday
625,2012-09-16,2166,5167,7333,Fall,2012,Sep,Sun,Clear/Few clouds,23.779999999999998,28.15625,56.99999999999999,6.042281099999999,Not Working Day,Not Holiday
626,2012-09-17,1022,5847,6869,Fall,2012,Sep,Mon,Mist/Cloudy,23.814153,27.652500000000003,73.4583,10.166713999999999,Working Day,Not Holiday
627,2012-09-18,371,3702,4073,Fall,2012,Sep,Tue,Mist/Cloudy,25.556653,28.253349999999998,87.25,23.958329,Working Day,Not Holiday
628,2012-09-19,788,6803,7591,Fall,2012,Sep,Wed,Clear/Few clouds,22.6525,27.0202,53.6667,14.416725,Working Day,Not Holiday
629,2012-09-20,939,6781,7720,Fall,2012,Sep,Thu,Clear/Few clouds,22.413347,26.6096,61.8333,7.917189,Working Day,Not Holiday
630,2012-09-21,1250,6917,8167,Fall,2012,Sep,Fri,Clear/Few clouds,24.565847,28.59855,66.875,10.333343000000001,Working Day,Not Holiday
631,2012-09-22,2512,5883,8395,Fall,2012,Sep,Sat,Clear/Few clouds,26.650000000000002,30.5244,64.6667,19.000061,Not Working Day,Not Holiday
632,2012-09-23,2454,5453,7907,Winter,2012,Sep,Sun,Clear/Few clouds,21.695847,25.946649999999998,46.7083,14.958286000000001,Not Working Day,Not Holiday
633,2012-09-24,1001,6435,7436,Winter,2012,Sep,Mon,Clear/Few clouds,21.080847000000002,25.12565,49.2917,9.541068000000001,Working Day,Not Holiday
634,2012-09-25,845,6693,7538,Winter,2012,Sep,Tue,Clear/Few clouds,22.55,27.208949999999998,56.99999999999999,15.833507,Working Day,Not Holiday
635,2012-09-26,787,6946,7733,Winter,2012,Sep,Wed,Clear/Few clouds,26.035,29.83065,63.083299999999994,16.3748,Working Day,Not Holiday
636,2012-09-27,751,6642,7393,Winter,2012,Sep,Thu,Mist/Cloudy,26.650000000000002,30.398750000000003,69.08330000000001,9.000914,Working Day,Not Holiday
637,2012-09-28,1045,6370,7415,Winter,2012,Sep,Fri,Mist/Cloudy,25.385847000000002,29.29315,69.0,10.999993,Working Day,Not Holiday
638,2012-09-29,2589,5966,8555,Winter,2012,Sep,Sat,Clear/Few clouds,22.2425,26.5148,54.2917,15.249468,Not Working Day,Not Holiday
639,2012-09-30,2015,4874,6889,Winter,2012,Sep,Sun,Clear/Few clouds,21.593347,25.88315,58.3333,9.042186,Not Working Day,Not Holiday
640,2012-10-01,763,6015,6778,Winter,2012,Oct,Mon,Mist/Cloudy,21.354153,25.6,64.9167,6.0838814,Working Day,Not Holiday
641,2012-10-02,315,4324,4639,Winter,2012,Oct,Tue,Light Rain/Snow,24.224153,27.116649999999996,87.16669999999999,6.9998249999999995,Working Day,Not Holiday
642,2012-10-03,728,6844,7572,Winter,2012,Oct,Wed,Mist/Cloudy,26.9575,29.95665,79.375,4.4585686,Working Day,Not Holiday
643,2012-10-04,891,6437,7328,Winter,2012,Oct,Thu,Mist/Cloudy,26.9575,30.398750000000003,72.2917,7.875582,Working Day,Not Holiday
644,2012-10-05,1516,6640,8156,Winter,2012,Oct,Fri,Clear/Few clouds,25.215,29.00935,62.74999999999999,7.12545,Working Day,Not Holiday
645,2012-10-06,3031,4934,7965,Winter,2012,Oct,Sat,Clear/Few clouds,22.720847,26.92605,66.41669999999999,17.957675000000002,Not Working Day,Not Holiday
646,2012-10-07,781,2729,3510,Winter,2012,Oct,Sun,Mist/Cloudy,17.049153,20.99065,70.8333,9.457854000000001,Not Working Day,Not Holiday
647,2012-10-08,874,4604,5478,Winter,2012,Oct,Mon,Mist/Cloudy,15.716652999999999,19.3804,70.9583,12.708492999999999,Not Working Day,Holiday
648,2012-10-09,601,5791,6392,Winter,2012,Oct,Tue,Mist/Cloudy,18.313347,21.9056,76.16669999999999,12.7501,Working Day,Not Holiday
649,2012-10-10,780,6911,7691,Winter,2012,Oct,Wed,Clear/Few clouds,21.080847000000002,25.1571,63.083299999999994,12.584007,Working Day,Not Holiday
650,2012-10-11,834,6736,7570,Winter,2012,Oct,Thu,Clear/Few clouds,17.835,21.55835,46.3333,12.166932000000001,Working Day,Not Holiday
651,2012-10-12,1060,6222,7282,Winter,2012,Oct,Fri,Clear/Few clouds,17.9375,21.65355,53.91669999999999,15.751164,Working Day,Not Holiday
652,2012-10-13,2252,4857,7109,Winter,2012,Oct,Sat,Clear/Few clouds,16.126653,19.5698,49.4583,9.791514,Not Working Day,Not Holiday
653,2012-10-14,2080,4559,6639,Winter,2012,Oct,Sun,Clear/Few clouds,21.388347,25.4102,64.0417,18.667004000000002,Not Working Day,Not Holiday
654,2012-10-15,760,5115,5875,Winter,2012,Oct,Mon,Mist/Cloudy,23.028347,26.9575,70.75,19.834478999999998,Working Day,Not Holiday
655,2012-10-16,922,6612,7534,Winter,2012,Oct,Tue,Clear/Few clouds,19.201653,23.042299999999997,55.833299999999994,12.208807,Working Day,Not Holiday
656,2012-10-17,979,6482,7461,Winter,2012,Oct,Wed,Clear/Few clouds,18.689153,22.5054,69.2917,6.791857,Working Day,Not Holiday
657,2012-10-18,1008,6501,7509,Winter,2012,Oct,Thu,Mist/Cloudy,21.4225,25.63125,72.8333,15.874779,Working Day,Not Holiday
658,2012-10-19,753,4671,5424,Winter,2012,Oct,Fri,Mist/Cloudy,23.096653,26.894800000000004,81.5,9.041917999999999,Working Day,Not Holiday
659,2012-10-20,2806,5284,8090,Winter,2012,Oct,Sat,Clear/Few clouds,19.850847,23.6421,57.2917,7.874979,Not Working Day,Not Holiday
660,2012-10-21,2132,4692,6824,Winter,2012,Oct,Sun,Clear/Few clouds,19.030847,22.82145,51.0,11.125618000000001,Not Working Day,Not Holiday
661,2012-10-22,830,6228,7058,Winter,2012,Oct,Mon,Clear/Few clouds,19.9875,24.1471,56.833299999999994,5.4593811,Working Day,Not Holiday
662,2012-10-23,841,6625,7466,Winter,2012,Oct,Tue,Clear/Few clouds,22.310847,26.5152,64.16669999999999,6.3345686,Working Day,Not Holiday
663,2012-10-24,795,6898,7693,Winter,2012,Oct,Wed,Clear/Few clouds,24.087500000000002,27.93605,63.625,4.8762064,Working Day,Not Holiday
664,2012-10-25,875,6484,7359,Winter,2012,Oct,Thu,Mist/Cloudy,22.55,26.4844,80.0417,8.333125,Working Day,Not Holiday
665,2012-10-26,1182,6262,7444,Winter,2012,Oct,Fri,Mist/Cloudy,22.379153000000002,26.137500000000003,80.7083,8.875289,Working Day,Not Holiday
666,2012-10-27,2643,5209,7852,Winter,2012,Oct,Sat,Mist/Cloudy,21.73,25.756649999999997,72.0,15.791364000000002,Not Working Day,Not Holiday
667,2012-10-28,998,3461,4459,Winter,2012,Oct,Sun,Mist/Cloudy,19.5775,23.38855,69.4583,26.666535999999997,Not Working Day,Not Holiday
668,2012-10-29,2,20,22,Winter,2012,Oct,Mon,Light Rain/Snow,18.04,21.97,88.0,23.9994,Working Day,Not Holiday
669,2012-10-30,87,1009,1096,Winter,2012,Oct,Tue,Mist/Cloudy,13.045462,15.49545,82.5455,14.271603,Working Day,Not Holiday
670,2012-10-31,419,5147,5566,Winter,2012,Oct,Wed,Mist/Cloudy,14.657499999999999,18.055,66.6667,11.166689,Working Day,Not Holiday
671,2012-11-01,466,5520,5986,Winter,2012,Nov,Thu,Mist/Cloudy,14.999153000000002,18.4971,58.166700000000006,10.542182,Working Day,Not Holiday
672,2012-11-02,618,5229,5847,Winter,2012,Nov,Fri,Clear/Few clouds,14.555,17.802100000000003,52.208299999999994,17.833725,Working Day,Not Holiday
673,2012-11-03,1029,4109,5138,Winter,2012,Nov,Sat,Mist/Cloudy,14.076653,16.1923,49.125,18.125443,Not Working Day,Not Holiday
674,2012-11-04,1201,3906,5107,Winter,2012,Nov,Sun,Clear/Few clouds,13.359153,16.4769,53.2917,12.000236,Not Working Day,Not Holiday
675,2012-11-05,378,4881,5259,Winter,2012,Nov,Mon,Clear/Few clouds,13.085847,15.403749999999999,49.416700000000006,15.833775000000001,Working Day,Not Holiday
676,2012-11-06,466,5220,5686,Winter,2012,Nov,Tue,Clear/Few clouds,11.514153,14.07835,56.7083,11.625371,Working Day,Not Holiday
677,2012-11-07,326,4709,5035,Winter,2012,Nov,Wed,Mist/Cloudy,12.129153,13.73105,54.75,20.375236,Working Day,Not Holiday
678,2012-11-08,340,4975,5315,Winter,2012,Nov,Thu,Clear/Few clouds,14.439134,17.09455,33.3478,23.304945,Working Day,Not Holiday
679,2012-11-09,709,5283,5992,Winter,2012,Nov,Fri,Clear/Few clouds,14.828347,17.77065,54.0833,14.375386,Working Day,Not Holiday
680,2012-11-10,2090,4446,6536,Winter,2012,Nov,Sat,Clear/Few clouds,15.955846999999999,19.696849999999998,64.5417,3.8756686,Not Working Day,Not Holiday
681,2012-11-11,2290,4562,6852,Winter,2012,Nov,Sun,Clear/Few clouds,17.254153000000002,21.08565,65.91669999999999,8.5425,Not Working Day,Not Holiday
682,2012-11-12,1097,5172,6269,Winter,2012,Nov,Mon,Clear/Few clouds,19.884999999999998,23.76915,74.16669999999999,11.625639,Not Working Day,Holiday
683,2012-11-13,327,3767,4094,Winter,2012,Nov,Tue,Mist/Cloudy,14.076653,16.16125,66.29169999999999,22.917082,Working Day,Not Holiday
684,2012-11-14,373,5122,5495,Winter,2012,Nov,Wed,Clear/Few clouds,11.855847,14.07815,55.2083,13.374875,Working Day,Not Holiday
685,2012-11-15,320,5125,5445,Winter,2012,Nov,Thu,Mist/Cloudy,13.188346999999998,16.2246,62.0417,10.250129000000001,Working Day,Not Holiday
686,2012-11-16,484,5214,5698,Winter,2012,Nov,Fri,Clear/Few clouds,14.145,17.3602,52.4583,11.458675000000001,Working Day,Not Holiday
687,2012-11-17,1313,4316,5629,Winter,2012,Nov,Sat,Clear/Few clouds,13.325000000000001,16.31915,54.541700000000006,12.041843,Not Working Day,Not Holiday
688,2012-11-18,922,3747,4669,Winter,2012,Nov,Sun,Clear/Few clouds,14.0425,16.8873,69.2917,15.250004,Not Working Day,Not Holiday
689,2012-11-19,449,5050,5499,Winter,2012,Nov,Mon,Mist/Cloudy,15.614152999999998,18.78105,62.3333,15.749489,Working Day,Not Holiday
690,2012-11-20,534,5100,5634,Winter,2012,Nov,Tue,Mist/Cloudy,15.340847000000002,19.03335,68.5,5.542575,Working Day,Not Holiday
691,2012-11-21,615,4531,5146,Winter,2012,Nov,Wed,Clear/Few clouds,14.486653,18.2446,61.375,6.917482000000001,Working Day,Not Holiday
692,2012-11-22,955,1470,2425,Winter,2012,Nov,Thu,Clear/Few clouds,13.940000000000001,17.518549999999998,58.0417,3.5423436,Not Working Day,Holiday
693,2012-11-23,1603,2307,3910,Winter,2012,Nov,Fri,Clear/Few clouds,15.101653,18.93895,56.875,9.917407,Working Day,Not Holiday
694,2012-11-24,532,1745,2277,Winter,2012,Nov,Sat,Clear/Few clouds,11.411653,12.4371,40.4583,25.250357,Not Working Day,Not Holiday
695,2012-11-25,309,2115,2424,Winter,2012,Nov,Sun,Clear/Few clouds,10.079153,12.879150000000001,46.8333,10.083499999999999,Not Working Day,Not Holiday
696,2012-11-26,337,4750,5087,Winter,2012,Nov,Mon,Clear/Few clouds,12.846652999999998,16.950200000000002,53.541700000000006,3.1255499999999996,Working Day,Not Holiday
697,2012-11-27,123,3836,3959,Winter,2012,Nov,Tue,Mist/Cloudy,11.958347,14.0779,78.6667,15.916654,Working Day,Not Holiday
698,2012-11-28,198,5062,5260,Winter,2012,Nov,Wed,Clear/Few clouds,12.163347,14.488100000000001,50.625,14.125007,Working Day,Not Holiday
699,2012-11-29,243,5080,5323,Winter,2012,Nov,Thu,Clear/Few clouds,11.51567,14.921100000000001,55.565200000000004,7.739974,Working Day,Not Holiday
700,2012-11-30,362,5306,5668,Winter,2012,Nov,Fri,Clear/Few clouds,12.231653000000001,16.193350000000002,64.95830000000001,3.9175436,Working Day,Not Holiday
701,2012-12-01,951,4240,5191,Winter,2012,Dec,Sat,Mist/Cloudy,12.231653000000001,15.8452,80.6667,4.0001814,Not Working Day,Not Holiday
702,2012-12-02,892,3757,4649,Winter,2012,Dec,Sun,Mist/Cloudy,14.247499999999999,17.9604,82.3333,8.333393000000001,Not Working Day,Not Holiday
703,2012-12-03,555,5679,6234,Winter,2012,Dec,Mon,Clear/Few clouds,18.552500000000002,22.7898,76.75,5.5422936,Working Day,Not Holiday
704,2012-12-04,551,6055,6606,Winter,2012,Dec,Tue,Clear/Few clouds,19.509153,23.4527,73.375,11.666643,Working Day,Not Holiday
705,2012-12-05,331,5398,5729,Winter,2012,Dec,Wed,Clear/Few clouds,17.971653,21.4006,48.5,21.709407,Working Day,Not Holiday
706,2012-12-06,340,5035,5375,Winter,2012,Dec,Thu,Clear/Few clouds,10.489152999999998,12.9102,50.875,11.708518,Working Day,Not Holiday
707,2012-12-07,349,4659,5008,Winter,2012,Dec,Fri,Mist/Cloudy,13.154152999999999,16.097900000000003,76.4167,8.7502,Working Day,Not Holiday
708,2012-12-08,1153,4429,5582,Winter,2012,Dec,Sat,Mist/Cloudy,15.648347,19.4754,91.125,6.792393,Not Working Day,Not Holiday
709,2012-12-09,441,2787,3228,Winter,2012,Dec,Sun,Mist/Cloudy,15.750846999999998,19.5073,90.5417,10.584325,Not Working Day,Not Holiday
710,2012-12-10,329,4841,5170,Winter,2012,Dec,Mon,Mist/Cloudy,17.869153,21.77875,92.5,12.750636,Working Day,Not Holiday
711,2012-12-11,282,5219,5501,Winter,2012,Dec,Tue,Mist/Cloudy,14.486653,16.91815,59.66669999999999,19.834478999999998,Working Day,Not Holiday
712,2012-12-12,310,5009,5319,Winter,2012,Dec,Wed,Mist/Cloudy,12.1975,14.8669,53.833299999999994,10.916779,Working Day,Not Holiday
713,2012-12-13,425,5107,5532,Winter,2012,Dec,Thu,Clear/Few clouds,12.129153,14.7094,48.5833,11.666643,Working Day,Not Holiday
714,2012-12-14,429,5182,5611,Winter,2012,Dec,Fri,Clear/Few clouds,11.548347,14.7096,64.29169999999999,8.792343,Working Day,Not Holiday
715,2012-12-15,767,4280,5047,Winter,2012,Dec,Sat,Clear/Few clouds,13.290847,16.91915,65.0417,7.12545,Not Working Day,Not Holiday
716,2012-12-16,538,3248,3786,Winter,2012,Dec,Sun,Mist/Cloudy,14.862499999999999,18.4969,83.875,6.749714,Not Working Day,Not Holiday
717,2012-12-17,212,4373,4585,Winter,2012,Dec,Mon,Mist/Cloudy,16.126653,20.075000000000003,90.7083,6.583306100000001,Working Day,Not Holiday
718,2012-12-18,433,5124,5557,Winter,2012,Dec,Tue,Clear/Few clouds,16.844153,20.485400000000002,66.625,14.834067999999998,Working Day,Not Holiday
719,2012-12-19,333,4934,5267,Winter,2012,Dec,Wed,Clear/Few clouds,13.6325,17.1081,62.5417,12.334164000000001,Working Day,Not Holiday
720,2012-12-20,314,3814,4128,Winter,2012,Dec,Thu,Mist/Cloudy,13.530000000000001,16.760849999999998,66.79169999999999,8.875021,Working Day,Not Holiday
721,2012-12-21,221,3402,3623,Spring,2012,Dec,Fri,Mist/Cloudy,13.393346999999999,15.08835,55.666700000000006,25.083661000000003,Working Day,Not Holiday
722,2012-12-22,205,1544,1749,Spring,2012,Dec,Sat,Clear/Few clouds,10.899153,11.80565,44.125,27.292182,Not Working Day,Not Holiday
723,2012-12-23,408,1379,1787,Spring,2012,Dec,Sun,Clear/Few clouds,10.079153,12.97355,51.5417,8.916561,Not Working Day,Not Holiday
724,2012-12-24,174,746,920,Spring,2012,Dec,Mon,Mist/Cloudy,9.483464,12.945,79.1304,5.1744368000000005,Working Day,Not Holiday
725,2012-12-25,440,573,1013,Spring,2012,Dec,Tue,Mist/Cloudy,11.943464,14.723249999999998,73.47829999999999,11.304642,Not Working Day,Holiday
726,2012-12-26,9,432,441,Spring,2012,Dec,Wed,Light Rain/Snow,9.976652999999999,11.01665,82.3333,21.208582,Working Day,Not Holiday
727,2012-12-27,247,1867,2114,Spring,2012,Dec,Thu,Mist/Cloudy,10.420846999999998,11.3321,65.29169999999999,23.458911,Working Day,Not Holiday
728,2012-12-28,644,2451,3095,Spring,2012,Dec,Fri,Mist/Cloudy,10.386652999999999,12.7523,59.0,10.416557,Working Day,Not Holiday
729,2012-12-29,159,1182,1341,Spring,2012,Dec,Sat,Mist/Cloudy,10.386652999999999,12.120000000000001,75.29169999999999,8.333661,Not Working Day,Not Holiday
730,2012-12-30,364,1432,1796,Spring,2012,Dec,Sun,Clear/Few clouds,10.489152999999998,11.584999999999999,48.3333,23.500518,Not Working Day,Not Holiday
731,2012-12-31,439,2290,2729,Spring,2012,Dec,Mon,Mist/Cloudy,8.849153,11.17435,57.75,10.374682,Working Day,Not Holiday
